Site,Parameter,Date,Year,Month,Day,Hour,NowCastConc,AQI,AQICat,RawConc,ConcUnit,Duration,QCName
Ho Chi Minh City,PM2.5 - Principal,01DEC18:01:00,2018,12,1,1,19,66,Moderate,16,UG/M3,1 Hr,Valid
Ho Chi Minh City,PM2.5 - Principal,01DEC18:02:00,2018,12,1,2,18,64,Moderate,17,UG/M3,1 Hr,Valid
Ho Chi Minh City,PM2.5 - Principal,01DEC18:03:00,2018,12,1,3,20,68,Moderate,22,UG/M3,1 Hr,Valid
Ho Chi Minh City,PM2.5 - Principal,01DEC18:04:00,2018,12,1,4,24,76,Moderate,28,UG/M3,1 Hr,Valid
Ho Chi Minh City,PM2.5 - Principal,01DEC18:05:00,2018,12,1,5,25,77,Moderate,25,UG/M3,1 Hr,Valid
Ho Chi Minh City,PM2.5 - Principal,01DEC18:06:00,2018,12,1,6,40,111,Unhealthy for Sensitive Groups,55,UG/M3,1 Hr,Valid
Ho Chi Minh City,PM2.5 - Principal,01DEC18:07:00,2018,12,1,7,52,141,Unhealthy for Sensitive Groups,64,UG/M3,1 Hr,Valid
Ho Chi Minh City,PM2.5 - Principal,01DEC18:08:00,2018,12,1,8,44,122,Unhealthy for Sensitive Groups,36,UG/M3,1 Hr,Valid
Ho Chi Minh City,PM2.5 - Principal,01DEC18:09:00,2018,12,1,9,40,112,Unhealthy for Sensitive Groups,36,UG/M3,1 Hr,Valid
Ho Chi Minh City,PM2.5 - Principal,01DEC18:10:00,2018,12,1,10,41,116,Unhealthy for Sensitive Groups,43,UG/M3,1 Hr,Valid
Ho Chi Minh City,PM2.5 - Principal,01DEC18:11:00,2018,12,1,11,33,95,Moderate,25,UG/M3,1 Hr,Valid
Ho Chi Minh City,PM2.5 - Principal,01DEC18:12:00,2018,12,1,12,26,80,Moderate,19,UG/M3,1 Hr,Valid
Ho Chi Minh City,PM2.5 - Principal,01DEC18:13:00,2018,12,1,13,25,78,Moderate,24,UG/M3,1 Hr,Valid
Ho Chi Minh City,PM2.5 - Principal,01DEC18:14:00,2018,12,1,14,22,72,Moderate,19,UG/M3,1 Hr,Valid
Ho Chi Minh City,PM2.5 - Principal,01DEC18:15:00,2018,12,1,15,19,66,Moderate,16,UG/M3,1 Hr,Valid
Ho Chi Minh City,PM2.5 - Principal,01DEC18:16:00,2018,12,1,16,13,52,Moderate,6,UG/M3,1 Hr,Valid
Ho Chi Minh City,PM2.5 - Principal,01DEC18:17:00,2018,12,1,17,17,61,Moderate,21,UG/M3,1 Hr,Valid
Ho Chi Minh City,PM2.5 - Principal,01DEC18:18:00,2018,12,1,18,19,65,Moderate,21,UG/M3,1 Hr,Valid
Ho Chi Minh City,PM2.5 - Principal,01DEC18:19:00,2018,12,1,19,21,70,Moderate,23,UG/M3,1 Hr,Valid
Ho Chi Minh City,PM2.5 - Principal,01DEC18:20:00,2018,12,1,20,22,73,Moderate,24,UG/M3,1 Hr,Valid
Ho Chi Minh City,PM2.5 - Principal,01DEC18:21:00,2018,12,1,21,19,65,Moderate,15,UG/M3,1 Hr,Valid
Ho Chi Minh City,PM2.5 - Principal,01DEC18:22:00,2018,12,1,22,16,59,Moderate,13,UG/M3,1 Hr,Valid
Ho Chi Minh City,PM2.5 - Principal,01DEC18:23:00,2018,12,1,23,19,66,Moderate,23,UG/M3,1 Hr,Valid
Ho Chi Minh City,PM2.5 - Principal,02DEC18:00:00,2018,12,2,0,20,67,Moderate,20,UG/M3,1 Hr,Valid
Ho Chi Minh City,PM2.5 - Principal,02DEC18:01:00,2018,12,2,1,21,69,Moderate,22,UG/M3,1 Hr,Valid
Ho Chi Minh City,PM2.5 - Principal,02DEC18:02:00,2018,12,2,2,27,82,Moderate,33,UG/M3,1 Hr,Valid
Ho Chi Minh City,PM2.5 - Principal,02DEC18:03:00,2018,12,2,3,22,72,Moderate,17,UG/M3,1 Hr,Valid
Ho Chi Minh City,PM2.5 - Principal,02DEC18:04:00,2018,12,2,4,13,53,Moderate,4,UG/M3,1 Hr,Valid
Ho Chi Minh City,PM2.5 - Principal,02DEC18:05:00,2018,12,2,5,6.4,27,Good,0,UG/M3,1 Hr,Valid
Ho Chi Minh City,PM2.5 - Principal,02DEC18:06:00,2018,12,2,6,15,56,Moderate,23,UG/M3,1 Hr,Valid
Ho Chi Minh City,PM2.5 - Principal,02DEC18:07:00,2018,12,2,7,26,81,Moderate,38,UG/M3,1 Hr,Valid
Ho Chi Minh City,PM2.5 - Principal,02DEC18:08:00,2018,12,2,8,39,110,Unhealthy for Sensitive Groups,52,UG/M3,1 Hr,Valid
Ho Chi Minh City,PM2.5 - Principal,02DEC18:09:00,2018,12,2,9,32,92,Moderate,24,UG/M3,1 Hr,Valid
Ho Chi Minh City,PM2.5 - Principal,02DEC18:10:00,2018,12,2,10,26,80,Moderate,20,UG/M3,1 Hr,Valid
Ho Chi Minh City,PM2.5 - Principal,02DEC18:11:00,2018,12,2,11,21,69,Moderate,16,UG/M3,1 Hr,Valid
Ho Chi Minh City,PM2.5 - Principal,02DEC18:12:00,2018,12,2,12,19,66,Moderate,18,UG/M3,1 Hr,Valid
Ho Chi Minh City,PM2.5 - Principal,02DEC18:13:00,2018,12,2,13,14,55,Moderate,9,UG/M3,1 Hr,Valid
Ho Chi Minh City,PM2.5 - Principal,02DEC18:14:00,2018,12,2,14,13,52,Moderate,11,UG/M3,1 Hr,Valid
Ho Chi Minh City,PM2.5 - Principal,02DEC18:15:00,2018,12,2,15,12,49,Good,11,UG/M3,1 Hr,Valid
Ho Chi Minh City,PM2.5 - Principal,02DEC18:16:00,2018,12,2,16,12,50,Good,12,UG/M3,1 Hr,Valid
Ho Chi Minh City,PM2.5 - Principal,02DEC18:17:00,2018,12,2,17,11,48,Good,11,UG/M3,1 Hr,Valid
Ho Chi Minh City,PM2.5 - Principal,02DEC18:18:00,2018,12,2,18,13,53,Moderate,15,UG/M3,1 Hr,Valid
Ho Chi Minh City,PM2.5 - Principal,02DEC18:19:00,2018,12,2,19,15,57,Moderate,17,UG/M3,1 Hr,Valid
Ho Chi Minh City,PM2.5 - Principal,02DEC18:20:00,2018,12,2,20,16,58,Moderate,16,UG/M3,1 Hr,Valid
Ho Chi Minh City,PM2.5 - Principal,02DEC18:21:00,2018,12,2,21,26,81,Moderate,37,UG/M3,1 Hr,Valid
Ho Chi Minh City,PM2.5 - Principal,02DEC18:22:00,2018,12,2,22,24,76,Moderate,22,UG/M3,1 Hr,Valid
Ho Chi Minh City,PM2.5 - Principal,02DEC18:23:00,2018,12,2,23,24,75,Moderate,23,UG/M3,1 Hr,Valid
Ho Chi Minh City,PM2.5 - Principal,03DEC18:00:00,2018,12,3,0,27,83,Moderate,31,UG/M3,1 Hr,Valid
Ho Chi Minh City,PM2.5 - Principal,03DEC18:01:00,2018,12,3,1,23,74,Moderate,19,UG/M3,1 Hr,Valid
Ho Chi Minh City,PM2.5 - Principal,03DEC18:02:00,2018,12,3,2,31,90,Moderate,38,UG/M3,1 Hr,Valid
Ho Chi Minh City,PM2.5 - Principal,03DEC18:03:00,2018,12,3,3,39,109,Unhealthy for Sensitive Groups,47,UG/M3,1 Hr,Valid
Ho Chi Minh City,PM2.5 - Principal,03DEC18:04:00,2018,12,3,4,43,119,Unhealthy for Sensitive Groups,47,UG/M3,1 Hr,Valid
Ho Chi Minh City,PM2.5 - Principal,03DEC18:05:00,2018,12,3,5,50,138,Unhealthy for Sensitive Groups,58,UG/M3,1 Hr,Valid
Ho Chi Minh City,PM2.5 - Principal,03DEC18:06:00,2018,12,3,6,47,130,Unhealthy for Sensitive Groups,44,UG/M3,1 Hr,Valid
Ho Chi Minh City,PM2.5 - Principal,03DEC18:07:00,2018,12,3,7,47,130,Unhealthy for Sensitive Groups,47,UG/M3,1 Hr,Valid
Ho Chi Minh City,PM2.5 - Principal,03DEC18:08:00,2018,12,3,8,38,107,Unhealthy for Sensitive Groups,29,UG/M3,1 Hr,Valid
Ho Chi Minh City,PM2.5 - Principal,03DEC18:09:00,2018,12,3,9,34,96,Moderate,29,UG/M3,1 Hr,Valid
Ho Chi Minh City,PM2.5 - Principal,03DEC18:10:00,2018,12,3,10,33,95,Moderate,33,UG/M3,1 Hr,Valid
Ho Chi Minh City,PM2.5 - Principal,03DEC18:11:00,2018,12,3,11,30,89,Moderate,27,UG/M3,1 Hr,Valid
Ho Chi Minh City,PM2.5 - Principal,03DEC18:12:00,2018,12,3,12,26,79,Moderate,21,UG/M3,1 Hr,Valid
Ho Chi Minh City,PM2.5 - Principal,03DEC18:13:00,2018,12,3,13,36,101,Unhealthy for Sensitive Groups,46,UG/M3,1 Hr,Valid
Ho Chi Minh City,PM2.5 - Principal,03DEC18:14:00,2018,12,3,14,29,86,Moderate,22,UG/M3,1 Hr,Valid
Ho Chi Minh City,PM2.5 - Principal,03DEC18:15:00,2018,12,3,15,20,68,Moderate,12,UG/M3,1 Hr,Valid
Ho Chi Minh City,PM2.5 - Principal,03DEC18:16:00,2018,12,3,16,18,64,Moderate,16,UG/M3,1 Hr,Valid
Ho Chi Minh City,PM2.5 - Principal,03DEC18:17:00,2018,12,3,17,13,53,Moderate,8,UG/M3,1 Hr,Valid
Ho Chi Minh City,PM2.5 - Principal,03DEC18:18:00,2018,12,3,18,15,57,Moderate,17,UG/M3,1 Hr,Valid
Ho Chi Minh City,PM2.5 - Principal,03DEC18:19:00,2018,12,3,19,23,73,Moderate,30,UG/M3,1 Hr,Valid
Ho Chi Minh City,PM2.5 - Principal,03DEC18:20:00,2018,12,3,20,27,83,Moderate,32,UG/M3,1 Hr,Valid
Ho Chi Minh City,PM2.5 - Principal,03DEC18:21:00,2018,12,3,21,28,85,Moderate,29,UG/M3,1 Hr,Valid
Ho Chi Minh City,PM2.5 - Principal,03DEC18:22:00,2018,12,3,22,27,82,Moderate,26,UG/M3,1 Hr,Valid
Ho Chi Minh City,PM2.5 - Principal,03DEC18:23:00,2018,12,3,23,30,88,Moderate,32,UG/M3,1 Hr,Valid
Ho Chi Minh City,PM2.5 - Principal,04DEC18:00:00,2018,12,4,0,29,86,Moderate,28,UG/M3,1 Hr,Valid
Ho Chi Minh City,PM2.5 - Principal,04DEC18:01:00,2018,12,4,1,26,81,Moderate,24,UG/M3,1 Hr,Valid
Ho Chi Minh City,PM2.5 - Principal,04DEC18:02:00,2018,12,4,2,22,71,Moderate,17,UG/M3,1 Hr,Valid
Ho Chi Minh City,PM2.5 - Principal,04DEC18:03:00,2018,12,4,3,15,58,Moderate,9,UG/M3,1 Hr,Valid
Ho Chi Minh City,PM2.5 - Principal,04DEC18:04:00,2018,12,4,4,21,70,Moderate,27,UG/M3,1 Hr,Valid
Ho Chi Minh City,PM2.5 - Principal,04DEC18:05:00,2018,12,4,5,24,76,Moderate,27,UG/M3,1 Hr,Valid
Ho Chi Minh City,PM2.5 - Principal,04DEC18:06:00,2018,12,4,6,35,99,Moderate,46,UG/M3,1 Hr,Valid
Ho Chi Minh City,PM2.5 - Principal,04DEC18:07:00,2018,12,4,7,37,105,Unhealthy for Sensitive Groups,39,UG/M3,1 Hr,Valid
Ho Chi Minh City,PM2.5 - Principal,04DEC18:08:00,2018,12,4,8,44,122,Unhealthy for Sensitive Groups,51,UG/M3,1 Hr,Valid
Ho Chi Minh City,PM2.5 - Principal,04DEC18:09:00,2018,12,4,9,38,106,Unhealthy for Sensitive Groups,31,UG/M3,1 Hr,Valid
Ho Chi Minh City,PM2.5 - Principal,04DEC18:10:00,2018,12,4,10,36,101,Unhealthy for Sensitive Groups,34,UG/M3,1 Hr,Valid
Ho Chi Minh City,PM2.5 - Principal,04DEC18:11:00,2018,12,4,11,38,108,Unhealthy for Sensitive Groups,41,UG/M3,1 Hr,Valid
Ho Chi Minh City,PM2.5 - Principal,04DEC18:12:00,2018,12,4,12,34,97,Moderate,30,UG/M3,1 Hr,Valid
Ho Chi Minh City,PM2.5 - Principal,04DEC18:13:00,2018,12,4,13,27,82,Moderate,20,UG/M3,1 Hr,Valid
Ho Chi Minh City,PM2.5 - Principal,04DEC18:14:00,2018,12,4,14,22,71,Moderate,16,UG/M3,1 Hr,Valid
Ho Chi Minh City,PM2.5 - Principal,04DEC18:15:00,2018,12,4,15,19,66,Moderate,17,UG/M3,1 Hr,Valid
Ho Chi Minh City,PM2.5 - Principal,04DEC18:16:00,2018,12,4,16,17,62,Moderate,15,UG/M3,1 Hr,Valid
Ho Chi Minh City,PM2.5 - Principal,04DEC18:17:00,2018,12,4,17,19,66,Moderate,21,UG/M3,1 Hr,Valid
Ho Chi Minh City,PM2.5 - Principal,04DEC18:18:00,2018,12,4,18,26,79,Moderate,32,UG/M3,1 Hr,Valid
Ho Chi Minh City,PM2.5 - Principal,04DEC18:19:00,2018,12,4,19,24,75,Moderate,22,UG/M3,1 Hr,Valid
Ho Chi Minh City,PM2.5 - Principal,04DEC18:20:00,2018,12,4,20,27,82,Moderate,30,UG/M3,1 Hr,Valid
Ho Chi Minh City,PM2.5 - Principal,04DEC18:21:00,2018,12,4,21,24,77,Moderate,22,UG/M3,1 Hr,Valid
Ho Chi Minh City,PM2.5 - Principal,04DEC18:22:00,2018,12,4,22,26,81,Moderate,28,UG/M3,1 Hr,Valid
Ho Chi Minh City,PM2.5 - Principal,04DEC18:23:00,2018,12,4,23,24,75,Moderate,21,UG/M3,1 Hr,Valid
Ho Chi Minh City,PM2.5 - Principal,05DEC18:00:00,2018,12,5,0,16,59,Moderate,8,UG/M3,1 Hr,Valid
Ho Chi Minh City,PM2.5 - Principal,05DEC18:01:00,2018,12,5,1,12,49,Good,8,UG/M3,1 Hr,Valid
Ho Chi Minh City,PM2.5 - Principal,05DEC18:02:00,2018,12,5,2,6.4,27,Good,1,UG/M3,1 Hr,Valid
Ho Chi Minh City,PM2.5 - Principal,05DEC18:03:00,2018,12,5,3,7.7,32,Good,9,UG/M3,1 Hr,Valid
Ho Chi Minh City,PM2.5 - Principal,05DEC18:04:00,2018,12,5,4,9.3,39,Good,11,UG/M3,1 Hr,Valid
Ho Chi Minh City,PM2.5 - Principal,05DEC18:05:00,2018,12,5,5,17,60,Moderate,24,UG/M3,1 Hr,Valid
Ho Chi Minh City,PM2.5 - Principal,05DEC18:06:00,2018,12,5,6,23,74,Moderate,29,UG/M3,1 Hr,Valid
Ho Chi Minh City,PM2.5 - Principal,05DEC18:07:00,2018,12,5,7,30,89,Moderate,38,UG/M3,1 Hr,Valid
Ho Chi Minh City,PM2.5 - Principal,05DEC18:08:00,2018,12,5,8,25,77,Moderate,19,UG/M3,1 Hr,Valid
Ho Chi Minh City,PM2.5 - Principal,05DEC18:09:00,2018,12,5,9,25,77,Moderate,24,UG/M3,1 Hr,Invalid
Ho Chi Minh City,PM2.5 - Principal,05DEC18:10:00,2018,12,5,10,33,95,Moderate,37,UG/M3,1 Hr,Valid
Ho Chi Minh City,PM2.5 - Principal,05DEC18:11:00,2018,12,5,11,28,84,Moderate,24,UG/M3,1 Hr,Valid
Ho Chi Minh City,PM2.5 - Principal,05DEC18:12:00,2018,12,5,12,29,86,Moderate,30,UG/M3,1 Hr,Valid
Ho Chi Minh City,PM2.5 - Principal,05DEC18:13:00,2018,12,5,13,24,77,Moderate,20,UG/M3,1 Hr,Valid
Ho Chi Minh City,PM2.5 - Principal,05DEC18:14:00,2018,12,5,14,24,76,Moderate,24,UG/M3,1 Hr,Valid
Ho Chi Minh City,PM2.5 - Principal,05DEC18:15:00,2018,12,5,15,24,76,Moderate,24,UG/M3,1 Hr,Valid
Ho Chi Minh City,PM2.5 - Principal,05DEC18:16:00,2018,12,5,16,21,70,Moderate,18,UG/M3,1 Hr,Valid
Ho Chi Minh City,PM2.5 - Principal,05DEC18:17:00,2018,12,5,17,20,68,Moderate,19,UG/M3,1 Hr,Valid
Ho Chi Minh City,PM2.5 - Principal,05DEC18:18:00,2018,12,5,18,13,53,Moderate,6,UG/M3,1 Hr,Valid
Ho Chi Minh City,PM2.5 - Principal,05DEC18:19:00,2018,12,5,19,12,52,Moderate,12,UG/M3,1 Hr,Valid
Ho Chi Minh City,PM2.5 - Principal,05DEC18:20:00,2018,12,5,20,12,49,Good,11,UG/M3,1 Hr,Valid
Ho Chi Minh City,PM2.5 - Principal,05DEC18:21:00,2018,12,5,21,12,49,Good,12,UG/M3,1 Hr,Valid
Ho Chi Minh City,PM2.5 - Principal,05DEC18:22:00,2018,12,5,22,19,65,Moderate,26,UG/M3,1 Hr,Valid
Ho Chi Minh City,PM2.5 - Principal,05DEC18:23:00,2018,12,5,23,18,63,Moderate,17,UG/M3,1 Hr,Valid
Ho Chi Minh City,PM2.5 - Principal,06DEC18:00:00,2018,12,6,0,18,64,Moderate,19,UG/M3,1 Hr,Valid
Ho Chi Minh City,PM2.5 - Principal,06DEC18:01:00,2018,12,6,1,16,59,Moderate,13,UG/M3,1 Hr,Valid
Ho Chi Minh City,PM2.5 - Principal,06DEC18:02:00,2018,12,6,2,22,71,Moderate,28,UG/M3,1 Hr,Valid
Ho Chi Minh City,PM2.5 - Principal,06DEC18:03:00,2018,12,6,3,22,73,Moderate,23,UG/M3,1 Hr,Valid
Ho Chi Minh City,PM2.5 - Principal,06DEC18:04:00,2018,12,6,4,23,74,Moderate,24,UG/M3,1 Hr,Valid
Ho Chi Minh City,PM2.5 - Principal,06DEC18:05:00,2018,12,6,5,30,89,Moderate,37,UG/M3,1 Hr,Valid
Ho Chi Minh City,PM2.5 - Principal,06DEC18:06:00,2018,12,6,6,26,79,Moderate,21,UG/M3,1 Hr,Valid
Ho Chi Minh City,PM2.5 - Principal,06DEC18:07:00,2018,12,6,7,32,93,Moderate,39,UG/M3,1 Hr,Valid
Ho Chi Minh City,PM2.5 - Principal,06DEC18:08:00,2018,12,6,8,50,137,Unhealthy for Sensitive Groups,68,UG/M3,1 Hr,Valid
Ho Chi Minh City,PM2.5 - Principal,06DEC18:09:00,2018,12,6,9,71,159,Unhealthy,91,UG/M3,1 Hr,Valid
Ho Chi Minh City,PM2.5 - Principal,06DEC18:10:00,2018,12,6,10,68,157,Unhealthy,65,UG/M3,1 Hr,Valid
Ho Chi Minh City,PM2.5 - Principal,06DEC18:11:00,2018,12,6,11,46,126,Unhealthy for Sensitive Groups,24,UG/M3,1 Hr,Valid
Ho Chi Minh City,PM2.5 - Principal,06DEC18:12:00,2018,12,6,12,31,92,Moderate,17,UG/M3,1 Hr,Valid
Ho Chi Minh City,PM2.5 - Principal,06DEC18:13:00,2018,12,6,13,20,68,Moderate,9,UG/M3,1 Hr,Valid
Ho Chi Minh City,PM2.5 - Principal,06DEC18:14:00,2018,12,6,14,17,60,Moderate,13,UG/M3,1 Hr,Valid
Ho Chi Minh City,PM2.5 - Principal,06DEC18:15:00,2018,12,6,15,13,52,Moderate,9,UG/M3,1 Hr,Valid
Ho Chi Minh City,PM2.5 - Principal,06DEC18:16:00,2018,12,6,16,15,57,Moderate,17,UG/M3,1 Hr,Valid
Ho Chi Minh City,PM2.5 - Principal,06DEC18:17:00,2018,12,6,17,11,45,Good,7,UG/M3,1 Hr,Valid
Ho Chi Minh City,PM2.5 - Principal,06DEC18:18:00,2018,12,6,18,12,50,Good,13,UG/M3,1 Hr,Valid
Ho Chi Minh City,PM2.5 - Principal,06DEC18:19:00,2018,12,6,19,15,58,Moderate,19,UG/M3,1 Hr,Valid
Ho Chi Minh City,PM2.5 - Principal,06DEC18:20:00,2018,12,6,20,20,68,Moderate,25,UG/M3,1 Hr,Valid
Ho Chi Minh City,PM2.5 - Principal,06DEC18:21:00,2018,12,6,21,21,70,Moderate,22,UG/M3,1 Hr,Valid
Ho Chi Minh City,PM2.5 - Principal,06DEC18:22:00,2018,12,6,22,19,66,Moderate,17,UG/M3,1 Hr,Valid
Ho Chi Minh City,PM2.5 - Principal,06DEC18:23:00,2018,12,6,23,19,66,Moderate,19,UG/M3,1 Hr,Valid
Ho Chi Minh City,PM2.5 - Principal,07DEC18:00:00,2018,12,7,0,8.5,35,Good,24,UG/M3,1 Hr,Valid
Ho Chi Minh City,PM2.5 - Principal,07DEC18:01:00,2018,12,7,1,9.2,38,Good,10,UG/M3,1 Hr,Valid
Ho Chi Minh City,PM2.5 - Principal,07DEC18:02:00,2018,12,7,2,27,81,Moderate,44,UG/M3,1 Hr,Valid
Ho Chi Minh City,PM2.5 - Principal,07DEC18:03:00,2018,12,7,3,36,103,Unhealthy for Sensitive Groups,46,UG/M3,1 Hr,Valid
Ho Chi Minh City,PM2.5 - Principal,07DEC18:04:00,2018,12,7,4,39,110,Unhealthy for Sensitive Groups,42,UG/M3,1 Hr,Valid
Ho Chi Minh City,PM2.5 - Principal,07DEC18:05:00,2018,12,7,5,49,133,Unhealthy for Sensitive Groups,58,UG/M3,1 Hr,Valid
Ho Chi Minh City,PM2.5 - Principal,07DEC18:06:00,2018,12,7,6,41,115,Unhealthy for Sensitive Groups,34,UG/M3,1 Hr,Valid
Ho Chi Minh City,PM2.5 - Principal,07DEC18:07:00,2018,12,7,7,57,152,Unhealthy,72,UG/M3,1 Hr,Valid
Ho Chi Minh City,PM2.5 - Principal,07DEC18:08:00,2018,12,7,8,54,147,Unhealthy for Sensitive Groups,52,UG/M3,1 Hr,Valid
Ho Chi Minh City,PM2.5 - Principal,07DEC18:09:00,2018,12,7,9,65,156,Unhealthy,75,UG/M3,1 Hr,Valid
Ho Chi Minh City,PM2.5 - Principal,07DEC18:10:00,2018,12,7,10,62,154,Unhealthy,59,UG/M3,1 Hr,Valid
Ho Chi Minh City,PM2.5 - Principal,07DEC18:11:00,2018,12,7,11,48,132,Unhealthy for Sensitive Groups,34,UG/M3,1 Hr,Valid
Ho Chi Minh City,PM2.5 - Principal,07DEC18:12:00,2018,12,7,12,43,119,Unhealthy for Sensitive Groups,38,UG/M3,1 Hr,Valid
Ho Chi Minh City,PM2.5 - Principal,07DEC18:13:00,2018,12,7,13,29,87,Moderate,16,UG/M3,1 Hr,Valid
Ho Chi Minh City,PM2.5 - Principal,07DEC18:14:00,2018,12,7,14,20,68,Moderate,11,UG/M3,1 Hr,Valid
Ho Chi Minh City,PM2.5 - Principal,07DEC18:15:00,2018,12,7,15,19,65,Moderate,17,UG/M3,1 Hr,Valid
Ho Chi Minh City,PM2.5 - Principal,07DEC18:16:00,2018,12,7,16,17,61,Moderate,15,UG/M3,1 Hr,Valid
Ho Chi Minh City,PM2.5 - Principal,07DEC18:17:00,2018,12,7,17,17,61,Moderate,17,UG/M3,1 Hr,Valid
Ho Chi Minh City,PM2.5 - Principal,07DEC18:18:00,2018,12,7,18,17,61,Moderate,17,UG/M3,1 Hr,Valid
Ho Chi Minh City,PM2.5 - Principal,07DEC18:19:00,2018,12,7,19,16,59,Moderate,15,UG/M3,1 Hr,Valid
Ho Chi Minh City,PM2.5 - Principal,07DEC18:20:00,2018,12,7,20,17,61,Moderate,18,UG/M3,1 Hr,Valid
Ho Chi Minh City,PM2.5 - Principal,07DEC18:21:00,2018,12,7,21,18,64,Moderate,20,UG/M3,1 Hr,Valid
Ho Chi Minh City,PM2.5 - Principal,07DEC18:22:00,2018,12,7,22,13,52,Moderate,7,UG/M3,1 Hr,Valid
Ho Chi Minh City,PM2.5 - Principal,07DEC18:23:00,2018,12,7,23,18,64,Moderate,24,UG/M3,1 Hr,Valid
Ho Chi Minh City,PM2.5 - Principal,08DEC18:00:00,2018,12,8,0,15,56,Moderate,11,UG/M3,1 Hr,Valid
Ho Chi Minh City,PM2.5 - Principal,08DEC18:01:00,2018,12,8,1,11,45,Good,7,UG/M3,1 Hr,Valid
Ho Chi Minh City,PM2.5 - Principal,08DEC18:02:00,2018,12,8,2,14,56,Moderate,18,UG/M3,1 Hr,Valid
Ho Chi Minh City,PM2.5 - Principal,08DEC18:03:00,2018,12,8,3,16,60,Moderate,18,UG/M3,1 Hr,Valid
Ho Chi Minh City,PM2.5 - Principal,08DEC18:04:00,2018,12,8,4,15,57,Moderate,14,UG/M3,1 Hr,Valid
Ho Chi Minh City,PM2.5 - Principal,08DEC18:05:00,2018,12,8,5,14,54,Moderate,12,UG/M3,1 Hr,Valid
Ho Chi Minh City,PM2.5 - Principal,08DEC18:06:00,2018,12,8,6,22,71,Moderate,30,UG/M3,1 Hr,Valid
Ho Chi Minh City,PM2.5 - Principal,08DEC18:07:00,2018,12,8,7,22,72,Moderate,23,UG/M3,1 Hr,Valid
Ho Chi Minh City,PM2.5 - Principal,08DEC18:08:00,2018,12,8,8,23,73,Moderate,23,UG/M3,1 Hr,Valid
Ho Chi Minh City,PM2.5 - Principal,08DEC18:09:00,2018,12,8,9,23,73,Moderate,24,UG/M3,1 Hr,Invalid
Ho Chi Minh City,PM2.5 - Principal,08DEC18:10:00,2018,12,8,10,24,76,Moderate,25,UG/M3,1 Hr,Valid
Ho Chi Minh City,PM2.5 - Principal,08DEC18:11:00,2018,12,8,11,21,69,Moderate,18,UG/M3,1 Hr,Valid
Ho Chi Minh City,PM2.5 - Principal,08DEC18:12:00,2018,12,8,12,22,73,Moderate,24,UG/M3,1 Hr,Valid
Ho Chi Minh City,PM2.5 - Principal,08DEC18:13:00,2018,12,8,13,13,53,Moderate,4,UG/M3,1 Hr,Valid
Ho Chi Minh City,PM2.5 - Principal,08DEC18:14:00,2018,12,8,14,11,48,Good,10,UG/M3,1 Hr,Valid
Ho Chi Minh City,PM2.5 - Principal,08DEC18:15:00,2018,12,8,15,9.2,38,Good,7,UG/M3,1 Hr,Valid
Ho Chi Minh City,PM2.5 - Principal,08DEC18:16:00,2018,12,8,16,8.0,33,Good,7,UG/M3,1 Hr,Valid
Ho Chi Minh City,PM2.5 - Principal,08DEC18:17:00,2018,12,8,17,10,42,Good,12,UG/M3,1 Hr,Valid
Ho Chi Minh City,PM2.5 - Principal,08DEC18:18:00,2018,12,8,18,13,52,Moderate,15,UG/M3,1 Hr,Valid
Ho Chi Minh City,PM2.5 - Principal,08DEC18:19:00,2018,12,8,19,15,58,Moderate,18,UG/M3,1 Hr,Valid
Ho Chi Minh City,PM2.5 - Principal,08DEC18:20:00,2018,12,8,20,19,65,Moderate,22,UG/M3,1 Hr,Valid
Ho Chi Minh City,PM2.5 - Principal,08DEC18:21:00,2018,12,8,21,21,69,Moderate,23,UG/M3,1 Hr,Valid
Ho Chi Minh City,PM2.5 - Principal,08DEC18:22:00,2018,12,8,22,18,63,Moderate,15,UG/M3,1 Hr,Valid
Ho Chi Minh City,PM2.5 - Principal,08DEC18:23:00,2018,12,8,23,18,63,Moderate,18,UG/M3,1 Hr,Valid
Ho Chi Minh City,PM2.5 - Principal,09DEC18:00:00,2018,12,9,0,19,65,Moderate,20,UG/M3,1 Hr,Valid
Ho Chi Minh City,PM2.5 - Principal,09DEC18:01:00,2018,12,9,1,18,63,Moderate,17,UG/M3,1 Hr,Valid
Ho Chi Minh City,PM2.5 - Principal,09DEC18:02:00,2018,12,9,2,19,65,Moderate,20,UG/M3,1 Hr,Valid
Ho Chi Minh City,PM2.5 - Principal,09DEC18:03:00,2018,12,9,3,21,70,Moderate,23,UG/M3,1 Hr,Valid
Ho Chi Minh City,PM2.5 - Principal,09DEC18:04:00,2018,12,9,4,26,80,Moderate,31,UG/M3,1 Hr,Valid
Ho Chi Minh City,PM2.5 - Principal,09DEC18:05:00,2018,12,9,5,28,83,Moderate,29,UG/M3,1 Hr,Valid
Ho Chi Minh City,PM2.5 - Principal,09DEC18:06:00,2018,12,9,6,37,104,Unhealthy for Sensitive Groups,46,UG/M3,1 Hr,Valid
Ho Chi Minh City,PM2.5 - Principal,09DEC18:07:00,2018,12,9,7,55,150,Unhealthy for Sensitive Groups,74,UG/M3,1 Hr,Valid
Ho Chi Minh City,PM2.5 - Principal,09DEC18:08:00,2018,12,9,8,58,152,Unhealthy,61,UG/M3,1 Hr,Valid
Ho Chi Minh City,PM2.5 - Principal,09DEC18:09:00,2018,12,9,9,52,141,Unhealthy for Sensitive Groups,45,UG/M3,1 Hr,Valid
Ho Chi Minh City,PM2.5 - Principal,09DEC18:10:00,2018,12,9,10,38,107,Unhealthy for Sensitive Groups,24,UG/M3,1 Hr,Valid
Ho Chi Minh City,PM2.5 - Principal,09DEC18:11:00,2018,12,9,11,28,84,Moderate,18,UG/M3,1 Hr,Valid
Ho Chi Minh City,PM2.5 - Principal,09DEC18:12:00,2018,12,9,12,25,79,Moderate,23,UG/M3,1 Hr,Valid
Ho Chi Minh City,PM2.5 - Principal,09DEC18:13:00,2018,12,9,13,16,59,Moderate,6,UG/M3,1 Hr,Valid
Ho Chi Minh City,PM2.5 - Principal,09DEC18:14:00,2018,12,9,14,12,49,Good,8,UG/M3,1 Hr,Valid
Ho Chi Minh City,PM2.5 - Principal,09DEC18:15:00,2018,12,9,15,12,50,Good,12,UG/M3,1 Hr,Valid
Ho Chi Minh City,PM2.5 - Principal,09DEC18:16:00,2018,12,9,16,12,50,Good,12,UG/M3,1 Hr,Valid
Ho Chi Minh City,PM2.5 - Principal,09DEC18:17:00,2018,12,9,17,14,56,Moderate,17,UG/M3,1 Hr,Valid
Ho Chi Minh City,PM2.5 - Principal,09DEC18:18:00,2018,12,9,18,15,56,Moderate,15,UG/M3,1 Hr,Valid
Ho Chi Minh City,PM2.5 - Principal,09DEC18:19:00,2018,12,9,19,18,63,Moderate,21,UG/M3,1 Hr,Valid
Ho Chi Minh City,PM2.5 - Principal,09DEC18:20:00,2018,12,9,20,18,63,Moderate,24,UG/M3,1 Hr,Missing
Ho Chi Minh City,PM2.5 - Principal,09DEC18:21:00,2018,12,9,21,21,69,Moderate,22,UG/M3,1 Hr,Valid
Ho Chi Minh City,PM2.5 - Principal,09DEC18:22:00,2018,12,9,22,16,60,Moderate,13,UG/M3,1 Hr,Valid
Ho Chi Minh City,PM2.5 - Principal,09DEC18:23:00,2018,12,9,23,14,55,Moderate,12,UG/M3,1 Hr,Valid
Ho Chi Minh City,PM2.5 - Principal,10DEC18:00:00,2018,12,10,0,15,56,Moderate,15,UG/M3,1 Hr,Valid
Ho Chi Minh City,PM2.5 - Principal,10DEC18:01:00,2018,12,10,1,13,52,Moderate,11,UG/M3,1 Hr,Valid
Ho Chi Minh City,PM2.5 - Principal,10DEC18:02:00,2018,12,10,2,12,51,Moderate,12,UG/M3,1 Hr,Valid
Ho Chi Minh City,PM2.5 - Principal,10DEC18:03:00,2018,12,10,3,14,54,Moderate,15,UG/M3,1 Hr,Valid
Ho Chi Minh City,PM2.5 - Principal,10DEC18:04:00,2018,12,10,4,9.3,39,Good,5,UG/M3,1 Hr,Valid
Ho Chi Minh City,PM2.5 - Principal,10DEC18:05:00,2018,12,10,5,11,44,Good,12,UG/M3,1 Hr,Valid
Ho Chi Minh City,PM2.5 - Principal,10DEC18:06:00,2018,12,10,6,17,61,Moderate,23,UG/M3,1 Hr,Valid
Ho Chi Minh City,PM2.5 - Principal,10DEC18:07:00,2018,12,10,7,9.9,41,Good,3,UG/M3,1 Hr,Valid
Ho Chi Minh City,PM2.5 - Principal,10DEC18:08:00,2018,12,10,8,9.9,41,Good,24,UG/M3,1 Hr,Missing
Ho Chi Minh City,PM2.5 - Principal,10DEC18:09:00,2018,12,10,9,12,50,Good,13,UG/M3,1 Hr,Valid
Ho Chi Minh City,PM2.5 - Principal,10DEC18:10:00,2018,12,10,10,11,48,Good,11,UG/M3,1 Hr,Valid
Ho Chi Minh City,PM2.5 - Principal,10DEC18:11:00,2018,12,10,11,11,48,Good,24,UG/M3,1 Hr,Missing
Ho Chi Minh City,PM2.5 - Principal,10DEC18:12:00,2018,12,10,12,8.3,35,Good,7,UG/M3,1 Hr,Valid
Ho Chi Minh City,PM2.5 - Principal,10DEC18:13:00,2018,12,10,13,8.1,34,Good,8,UG/M3,1 Hr,Valid
Ho Chi Minh City,PM2.5 - Principal,10DEC18:14:00,2018,12,10,14,6.9,29,Good,6,UG/M3,1 Hr,Valid
Ho Chi Minh City,PM2.5 - Principal,10DEC18:15:00,2018,12,10,15,8.0,33,Good,9,UG/M3,1 Hr,Valid
Ho Chi Minh City,PM2.5 - Principal,10DEC18:16:00,2018,12,10,16,9.0,38,Good,10,UG/M3,1 Hr,Valid
Ho Chi Minh City,PM2.5 - Principal,10DEC18:17:00,2018,12,10,17,9.5,40,Good,10,UG/M3,1 Hr,Valid
Ho Chi Minh City,PM2.5 - Principal,10DEC18:18:00,2018,12,10,18,15,56,Moderate,20,UG/M3,1 Hr,Valid
Ho Chi Minh City,PM2.5 - Principal,10DEC18:19:00,2018,12,10,19,20,67,Moderate,25,UG/M3,1 Hr,Valid
Ho Chi Minh City,PM2.5 - Principal,10DEC18:20:00,2018,12,10,20,22,72,Moderate,24,UG/M3,1 Hr,Valid
Ho Chi Minh City,PM2.5 - Principal,10DEC18:21:00,2018,12,10,21,24,77,Moderate,27,UG/M3,1 Hr,Valid
Ho Chi Minh City,PM2.5 - Principal,10DEC18:22:00,2018,12,10,22,25,79,Moderate,26,UG/M3,1 Hr,Valid
Ho Chi Minh City,PM2.5 - Principal,10DEC18:23:00,2018,12,10,23,29,86,Moderate,32,UG/M3,1 Hr,Valid
Ho Chi Minh City,PM2.5 - Principal,11DEC18:00:00,2018,12,11,0,28,85,Moderate,28,UG/M3,1 Hr,Valid
Ho Chi Minh City,PM2.5 - Principal,11DEC18:01:00,2018,12,11,1,27,81,Moderate,25,UG/M3,1 Hr,Valid
Ho Chi Minh City,PM2.5 - Principal,11DEC18:02:00,2018,12,11,2,26,81,Moderate,26,UG/M3,1 Hr,Valid
Ho Chi Minh City,PM2.5 - Principal,11DEC18:03:00,2018,12,11,3,25,78,Moderate,24,UG/M3,1 Hr,Valid
Ho Chi Minh City,PM2.5 - Principal,11DEC18:04:00,2018,12,11,4,48,132,Unhealthy for Sensitive Groups,71,UG/M3,1 Hr,Valid
Ho Chi Minh City,PM2.5 - Principal,11DEC18:05:00,2018,12,11,5,55,149,Unhealthy for Sensitive Groups,62,UG/M3,1 Hr,Valid
Ho Chi Minh City,PM2.5 - Principal,11DEC18:06:00,2018,12,11,6,56,151,Unhealthy,56,UG/M3,1 Hr,Valid
Ho Chi Minh City,PM2.5 - Principal,11DEC18:07:00,2018,12,11,7,52,142,Unhealthy for Sensitive Groups,49,UG/M3,1 Hr,Valid
Ho Chi Minh City,PM2.5 - Principal,11DEC18:08:00,2018,12,11,8,48,132,Unhealthy for Sensitive Groups,44,UG/M3,1 Hr,Valid
Ho Chi Minh City,PM2.5 - Principal,11DEC18:09:00,2018,12,11,9,26,80,Moderate,4,UG/M3,1 Hr,Valid
Ho Chi Minh City,PM2.5 - Principal,11DEC18:10:00,2018,12,11,10,26,80,Moderate,26,UG/M3,1 Hr,Valid
Ho Chi Minh City,PM2.5 - Principal,11DEC18:11:00,2018,12,11,11,23,73,Moderate,19,UG/M3,1 Hr,Valid
Ho Chi Minh City,PM2.5 - Principal,11DEC18:12:00,2018,12,11,12,19,66,Moderate,16,UG/M3,1 Hr,Valid
Ho Chi Minh City,PM2.5 - Principal,11DEC18:13:00,2018,12,11,13,18,64,Moderate,17,UG/M3,1 Hr,Valid
Ho Chi Minh City,PM2.5 - Principal,11DEC18:14:00,2018,12,11,14,15,56,Moderate,11,UG/M3,1 Hr,Valid
Ho Chi Minh City,PM2.5 - Principal,11DEC18:15:00,2018,12,11,15,14,54,Moderate,13,UG/M3,1 Hr,Valid
Ho Chi Minh City,PM2.5 - Principal,11DEC18:16:00,2018,12,11,16,18,64,Moderate,23,UG/M3,1 Hr,Valid
Ho Chi Minh City,PM2.5 - Principal,11DEC18:17:00,2018,12,11,17,18,64,Moderate,18,UG/M3,1 Hr,Valid
Ho Chi Minh City,PM2.5 - Principal,11DEC18:18:00,2018,12,11,18,17,60,Moderate,15,UG/M3,1 Hr,Valid
Ho Chi Minh City,PM2.5 - Principal,11DEC18:19:00,2018,12,11,19,18,64,Moderate,20,UG/M3,1 Hr,Valid
Ho Chi Minh City,PM2.5 - Principal,11DEC18:20:00,2018,12,11,20,15,56,Moderate,11,UG/M3,1 Hr,Valid
Ho Chi Minh City,PM2.5 - Principal,11DEC18:21:00,2018,12,11,21,12,51,Moderate,10,UG/M3,1 Hr,Valid
Ho Chi Minh City,PM2.5 - Principal,11DEC18:22:00,2018,12,11,22,11,44,Good,9,UG/M3,1 Hr,Valid
Ho Chi Minh City,PM2.5 - Principal,11DEC18:23:00,2018,12,11,23,13,54,Moderate,16,UG/M3,1 Hr,Valid
Ho Chi Minh City,PM2.5 - Principal,12DEC18:00:00,2018,12,12,0,13,54,Moderate,24,UG/M3,1 Hr,Invalid
Ho Chi Minh City,PM2.5 - Principal,12DEC18:01:00,2018,12,12,1,5.1,21,Good,1,UG/M3,1 Hr,Valid
Ho Chi Minh City,PM2.5 - Principal,12DEC18:02:00,2018,12,12,2,7.9,33,Good,10,UG/M3,1 Hr,Valid
Ho Chi Minh City,PM2.5 - Principal,12DEC18:03:00,2018,12,12,3,7.9,33,Good,8,UG/M3,1 Hr,Valid
Ho Chi Minh City,PM2.5 - Principal,12DEC18:04:00,2018,12,12,4,18,64,Moderate,28,UG/M3,1 Hr,Valid
Ho Chi Minh City,PM2.5 - Principal,12DEC18:05:00,2018,12,12,5,28,84,Moderate,37,UG/M3,1 Hr,Valid
Ho Chi Minh City,PM2.5 - Principal,12DEC18:06:00,2018,12,12,6,34,98,Moderate,41,UG/M3,1 Hr,Valid
Ho Chi Minh City,PM2.5 - Principal,12DEC18:07:00,2018,12,12,7,39,109,Unhealthy for Sensitive Groups,43,UG/M3,1 Hr,Valid
Ho Chi Minh City,PM2.5 - Principal,12DEC18:08:00,2018,12,12,8,46,128,Unhealthy for Sensitive Groups,54,UG/M3,1 Hr,Valid
Ho Chi Minh City,PM2.5 - Principal,12DEC18:09:00,2018,12,12,9,64,155,Unhealthy,82,UG/M3,1 Hr,Valid
Ho Chi Minh City,PM2.5 - Principal,12DEC18:10:00,2018,12,12,10,74,160,Unhealthy,83,UG/M3,1 Hr,Valid
Ho Chi Minh City,PM2.5 - Principal,12DEC18:11:00,2018,12,12,11,68,157,Unhealthy,62,UG/M3,1 Hr,Valid
Ho Chi Minh City,PM2.5 - Principal,12DEC18:12:00,2018,12,12,12,58,152,Unhealthy,48,UG/M3,1 Hr,Valid
Ho Chi Minh City,PM2.5 - Principal,12DEC18:13:00,2018,12,12,13,42,118,Unhealthy for Sensitive Groups,27,UG/M3,1 Hr,Valid
Ho Chi Minh City,PM2.5 - Principal,12DEC18:14:00,2018,12,12,14,35,100,Moderate,28,UG/M3,1 Hr,Valid
Ho Chi Minh City,PM2.5 - Principal,12DEC18:15:00,2018,12,12,15,30,88,Moderate,24,UG/M3,1 Hr,Valid
Ho Chi Minh City,PM2.5 - Principal,12DEC18:16:00,2018,12,12,16,28,84,Moderate,26,UG/M3,1 Hr,Valid
Ho Chi Minh City,PM2.5 - Principal,12DEC18:17:00,2018,12,12,17,33,96,Moderate,39,UG/M3,1 Hr,Valid
Ho Chi Minh City,PM2.5 - Principal,12DEC18:18:00,2018,12,12,18,35,99,Moderate,36,UG/M3,1 Hr,Valid
Ho Chi Minh City,PM2.5 - Principal,12DEC18:19:00,2018,12,12,19,22,72,Moderate,10,UG/M3,1 Hr,Valid
Ho Chi Minh City,PM2.5 - Principal,12DEC18:20:00,2018,12,12,20,20,67,Moderate,17,UG/M3,1 Hr,Valid
Ho Chi Minh City,PM2.5 - Principal,12DEC18:21:00,2018,12,12,21,25,78,Moderate,30,UG/M3,1 Hr,Valid
Ho Chi Minh City,PM2.5 - Principal,12DEC18:22:00,2018,12,12,22,23,75,Moderate,22,UG/M3,1 Hr,Valid
Ho Chi Minh City,PM2.5 - Principal,12DEC18:23:00,2018,12,12,23,26,80,Moderate,29,UG/M3,1 Hr,Valid
Ho Chi Minh City,PM2.5 - Principal,13DEC18:00:00,2018,12,13,0,35,98,Moderate,43,UG/M3,1 Hr,Valid
Ho Chi Minh City,PM2.5 - Principal,13DEC18:01:00,2018,12,13,1,32,92,Moderate,29,UG/M3,1 Hr,Valid
Ho Chi Minh City,PM2.5 - Principal,13DEC18:02:00,2018,12,13,2,42,118,Unhealthy for Sensitive Groups,53,UG/M3,1 Hr,Valid
Ho Chi Minh City,PM2.5 - Principal,13DEC18:03:00,2018,12,13,3,50,137,Unhealthy for Sensitive Groups,58,UG/M3,1 Hr,Valid
Ho Chi Minh City,PM2.5 - Principal,13DEC18:04:00,2018,12,13,4,43,120,Unhealthy for Sensitive Groups,36,UG/M3,1 Hr,Valid
Ho Chi Minh City,PM2.5 - Principal,13DEC18:05:00,2018,12,13,5,31,91,Moderate,19,UG/M3,1 Hr,Valid
Ho Chi Minh City,PM2.5 - Principal,13DEC18:06:00,2018,12,13,6,23,74,Moderate,15,UG/M3,1 Hr,Valid
Ho Chi Minh City,PM2.5 - Principal,13DEC18:07:00,2018,12,13,7,19,66,Moderate,15,UG/M3,1 Hr,Valid
Ho Chi Minh City,PM2.5 - Principal,13DEC18:08:00,2018,12,13,8,11,46,Good,3,UG/M3,1 Hr,Valid
Ho Chi Minh City,PM2.5 - Principal,13DEC18:09:00,2018,12,13,9,13,53,Moderate,15,UG/M3,1 Hr,Valid
Ho Chi Minh City,PM2.5 - Principal,13DEC18:10:00,2018,12,13,10,23,73,Moderate,32,UG/M3,1 Hr,Valid
Ho Chi Minh City,PM2.5 - Principal,13DEC18:11:00,2018,12,13,11,30,88,Moderate,37,UG/M3,1 Hr,Valid
Ho Chi Minh City,PM2.5 - Principal,13DEC18:12:00,2018,12,13,12,25,79,Moderate,21,UG/M3,1 Hr,Valid
Ho Chi Minh City,PM2.5 - Principal,13DEC18:13:00,2018,12,13,13,27,83,Moderate,29,UG/M3,1 Hr,Valid
Ho Chi Minh City,PM2.5 - Principal,13DEC18:14:00,2018,12,13,14,30,89,Moderate,33,UG/M3,1 Hr,Valid
Ho Chi Minh City,PM2.5 - Principal,13DEC18:15:00,2018,12,13,15,27,81,Moderate,23,UG/M3,1 Hr,Valid
Ho Chi Minh City,PM2.5 - Principal,13DEC18:16:00,2018,12,13,16,23,74,Moderate,20,UG/M3,1 Hr,Valid
Ho Chi Minh City,PM2.5 - Principal,13DEC18:17:00,2018,12,13,17,25,78,Moderate,27,UG/M3,1 Hr,Valid
Ho Chi Minh City,PM2.5 - Principal,13DEC18:18:00,2018,12,13,18,22,72,Moderate,19,UG/M3,1 Hr,Valid
Ho Chi Minh City,PM2.5 - Principal,13DEC18:19:00,2018,12,13,19,23,73,Moderate,23,UG/M3,1 Hr,Valid
Ho Chi Minh City,PM2.5 - Principal,13DEC18:20:00,2018,12,13,20,33,94,Moderate,43,UG/M3,1 Hr,Valid
Ho Chi Minh City,PM2.5 - Principal,13DEC18:21:00,2018,12,13,21,24,77,Moderate,16,UG/M3,1 Hr,Valid
Ho Chi Minh City,PM2.5 - Principal,13DEC18:22:00,2018,12,13,22,24,76,Moderate,24,UG/M3,1 Hr,Valid
Ho Chi Minh City,PM2.5 - Principal,13DEC18:23:00,2018,12,13,23,14,55,Moderate,4,UG/M3,1 Hr,Valid
Ho Chi Minh City,PM2.5 - Principal,14DEC18:00:00,2018,12,14,0,12,50,Good,10,UG/M3,1 Hr,Valid
Ho Chi Minh City,PM2.5 - Principal,14DEC18:01:00,2018,12,14,1,15,56,Moderate,17,UG/M3,1 Hr,Valid
Ho Chi Minh City,PM2.5 - Principal,14DEC18:02:00,2018,12,14,2,18,63,Moderate,21,UG/M3,1 Hr,Valid
Ho Chi Minh City,PM2.5 - Principal,14DEC18:03:00,2018,12,14,3,25,79,Moderate,33,UG/M3,1 Hr,Valid
Ho Chi Minh City,PM2.5 - Principal,14DEC18:04:00,2018,12,14,4,38,106,Unhealthy for Sensitive Groups,50,UG/M3,1 Hr,Valid
Ho Chi Minh City,PM2.5 - Principal,14DEC18:05:00,2018,12,14,5,36,103,Unhealthy for Sensitive Groups,35,UG/M3,1 Hr,Valid
Ho Chi Minh City,PM2.5 - Principal,14DEC18:06:00,2018,12,14,6,39,110,Unhealthy for Sensitive Groups,42,UG/M3,1 Hr,Valid
Ho Chi Minh City,PM2.5 - Principal,14DEC18:07:00,2018,12,14,7,37,105,Unhealthy for Sensitive Groups,35,UG/M3,1 Hr,Valid
Ho Chi Minh City,PM2.5 - Principal,14DEC18:08:00,2018,12,14,8,34,96,Moderate,30,UG/M3,1 Hr,Valid
Ho Chi Minh City,PM2.5 - Principal,14DEC18:09:00,2018,12,14,9,26,80,Moderate,18,UG/M3,1 Hr,Valid
Ho Chi Minh City,PM2.5 - Principal,14DEC18:10:00,2018,12,14,10,18,63,Moderate,10,UG/M3,1 Hr,Valid
Ho Chi Minh City,PM2.5 - Principal,14DEC18:11:00,2018,12,14,11,17,62,Moderate,17,UG/M3,1 Hr,Valid
Ho Chi Minh City,PM2.5 - Principal,14DEC18:12:00,2018,12,14,12,17,61,Moderate,16,UG/M3,1 Hr,Valid
Ho Chi Minh City,PM2.5 - Principal,14DEC18:13:00,2018,12,14,13,21,70,Moderate,26,UG/M3,1 Hr,Valid
Ho Chi Minh City,PM2.5 - Principal,14DEC18:14:00,2018,12,14,14,24,75,Moderate,26,UG/M3,1 Hr,Valid
Ho Chi Minh City,PM2.5 - Principal,14DEC18:15:00,2018,12,14,15,21,69,Moderate,18,UG/M3,1 Hr,Valid
Ho Chi Minh City,PM2.5 - Principal,14DEC18:16:00,2018,12,14,16,26,81,Moderate,32,UG/M3,1 Hr,Valid
Ho Chi Minh City,PM2.5 - Principal,14DEC18:17:00,2018,12,14,17,27,82,Moderate,27,UG/M3,1 Hr,Valid
Ho Chi Minh City,PM2.5 - Principal,14DEC18:18:00,2018,12,14,18,28,84,Moderate,29,UG/M3,1 Hr,Valid
Ho Chi Minh City,PM2.5 - Principal,14DEC18:19:00,2018,12,14,19,30,88,Moderate,32,UG/M3,1 Hr,Valid
Ho Chi Minh City,PM2.5 - Principal,14DEC18:20:00,2018,12,14,20,29,86,Moderate,28,UG/M3,1 Hr,Valid
Ho Chi Minh City,PM2.5 - Principal,14DEC18:21:00,2018,12,14,21,31,92,Moderate,34,UG/M3,1 Hr,Valid
Ho Chi Minh City,PM2.5 - Principal,14DEC18:22:00,2018,12,14,22,26,81,Moderate,21,UG/M3,1 Hr,Valid
Ho Chi Minh City,PM2.5 - Principal,14DEC18:23:00,2018,12,14,23,22,71,Moderate,17,UG/M3,1 Hr,Valid
Ho Chi Minh City,PM2.5 - Principal,15DEC18:00:00,2018,12,15,0,21,70,Moderate,21,UG/M3,1 Hr,Valid
Ho Chi Minh City,PM2.5 - Principal,15DEC18:01:00,2018,12,15,1,11,46,Good,1,UG/M3,1 Hr,Valid
Ho Chi Minh City,PM2.5 - Principal,15DEC18:02:00,2018,12,15,2,12,48,Good,12,UG/M3,1 Hr,Valid
Ho Chi Minh City,PM2.5 - Principal,15DEC18:03:00,2018,12,15,3,10,43,Good,9,UG/M3,1 Hr,Valid
Ho Chi Minh City,PM2.5 - Principal,15DEC18:04:00,2018,12,15,4,11,46,Good,12,UG/M3,1 Hr,Valid
Ho Chi Minh City,PM2.5 - Principal,15DEC18:05:00,2018,12,15,5,21,69,Moderate,30,UG/M3,1 Hr,Valid
Ho Chi Minh City,PM2.5 - Principal,15DEC18:06:00,2018,12,15,6,23,73,Moderate,25,UG/M3,1 Hr,Valid
Ho Chi Minh City,PM2.5 - Principal,15DEC18:07:00,2018,12,15,7,28,85,Moderate,34,UG/M3,1 Hr,Valid
Ho Chi Minh City,PM2.5 - Principal,15DEC18:08:00,2018,12,15,8,33,95,Moderate,38,UG/M3,1 Hr,Valid
Ho Chi Minh City,PM2.5 - Principal,15DEC18:09:00,2018,12,15,9,36,101,Unhealthy for Sensitive Groups,38,UG/M3,1 Hr,Valid
Ho Chi Minh City,PM2.5 - Principal,15DEC18:10:00,2018,12,15,10,23,74,Moderate,11,UG/M3,1 Hr,Valid
Ho Chi Minh City,PM2.5 - Principal,15DEC18:11:00,2018,12,15,11,21,70,Moderate,19,UG/M3,1 Hr,Valid
Ho Chi Minh City,PM2.5 - Principal,15DEC18:12:00,2018,12,15,12,25,77,Moderate,28,UG/M3,1 Hr,Valid
Ho Chi Minh City,PM2.5 - Principal,15DEC18:13:00,2018,12,15,13,20,68,Moderate,16,UG/M3,1 Hr,Valid
Ho Chi Minh City,PM2.5 - Principal,15DEC18:14:00,2018,12,15,14,18,64,Moderate,16,UG/M3,1 Hr,Valid
Ho Chi Minh City,PM2.5 - Principal,15DEC18:15:00,2018,12,15,15,18,62,Moderate,17,UG/M3,1 Hr,Valid
Ho Chi Minh City,PM2.5 - Principal,15DEC18:16:00,2018,12,15,16,17,62,Moderate,17,UG/M3,1 Hr,Valid
Ho Chi Minh City,PM2.5 - Principal,15DEC18:17:00,2018,12,15,17,14,54,Moderate,10,UG/M3,1 Hr,Valid
Ho Chi Minh City,PM2.5 - Principal,15DEC18:18:00,2018,12,15,18,17,61,Moderate,20,UG/M3,1 Hr,Valid
Ho Chi Minh City,PM2.5 - Principal,15DEC18:19:00,2018,12,15,19,20,67,Moderate,23,UG/M3,1 Hr,Valid
Ho Chi Minh City,PM2.5 - Principal,15DEC18:20:00,2018,12,15,20,22,73,Moderate,25,UG/M3,1 Hr,Valid
Ho Chi Minh City,PM2.5 - Principal,15DEC18:21:00,2018,12,15,21,9.2,38,Good,24,UG/M3,1 Hr,Valid
Ho Chi Minh City,PM2.5 - Principal,15DEC18:22:00,2018,12,15,22,17,60,Moderate,24,UG/M3,1 Hr,Valid
Ho Chi Minh City,PM2.5 - Principal,15DEC18:23:00,2018,12,15,23,23,75,Moderate,30,UG/M3,1 Hr,Valid
Ho Chi Minh City,PM2.5 - Principal,16DEC18:00:00,2018,12,16,0,25,78,Moderate,27,UG/M3,1 Hr,Valid
Ho Chi Minh City,PM2.5 - Principal,16DEC18:01:00,2018,12,16,1,19,66,Moderate,13,UG/M3,1 Hr,Valid
Ho Chi Minh City,PM2.5 - Principal,16DEC18:02:00,2018,12,16,2,19,66,Moderate,19,UG/M3,1 Hr,Valid
Ho Chi Minh City,PM2.5 - Principal,16DEC18:03:00,2018,12,16,3,23,74,Moderate,27,UG/M3,1 Hr,Valid
Ho Chi Minh City,PM2.5 - Principal,16DEC18:04:00,2018,12,16,4,21,69,Moderate,18,UG/M3,1 Hr,Valid
Ho Chi Minh City,PM2.5 - Principal,16DEC18:05:00,2018,12,16,5,26,80,Moderate,31,UG/M3,1 Hr,Valid
Ho Chi Minh City,PM2.5 - Principal,16DEC18:06:00,2018,12,16,6,30,88,Moderate,34,UG/M3,1 Hr,Valid
Ho Chi Minh City,PM2.5 - Principal,16DEC18:07:00,2018,12,16,7,17,61,Moderate,4,UG/M3,1 Hr,Valid
Ho Chi Minh City,PM2.5 - Principal,16DEC18:08:00,2018,12,16,8,17,61,Moderate,17,UG/M3,1 Hr,Valid
Ho Chi Minh City,PM2.5 - Principal,16DEC18:09:00,2018,12,16,9,17,61,Moderate,17,UG/M3,1 Hr,Valid
Ho Chi Minh City,PM2.5 - Principal,16DEC18:10:00,2018,12,16,10,19,66,Moderate,22,UG/M3,1 Hr,Valid
Ho Chi Minh City,PM2.5 - Principal,16DEC18:11:00,2018,12,16,11,15,58,Moderate,11,UG/M3,1 Hr,Valid
Ho Chi Minh City,PM2.5 - Principal,16DEC18:12:00,2018,12,16,12,13,52,Moderate,10,UG/M3,1 Hr,Valid
Ho Chi Minh City,PM2.5 - Principal,16DEC18:13:00,2018,12,16,13,9.3,39,Good,6,UG/M3,1 Hr,Valid
Ho Chi Minh City,PM2.5 - Principal,16DEC18:14:00,2018,12,16,14,13,52,Moderate,16,UG/M3,1 Hr,Valid
Ho Chi Minh City,PM2.5 - Principal,16DEC18:15:00,2018,12,16,15,13,52,Moderate,13,UG/M3,1 Hr,Valid
Ho Chi Minh City,PM2.5 - Principal,16DEC18:16:00,2018,12,16,16,10,43,Good,8,UG/M3,1 Hr,Valid
Ho Chi Minh City,PM2.5 - Principal,16DEC18:17:00,2018,12,16,17,12,51,Moderate,14,UG/M3,1 Hr,Valid
Ho Chi Minh City,PM2.5 - Principal,16DEC18:18:00,2018,12,16,18,13,52,Moderate,13,UG/M3,1 Hr,Valid
Ho Chi Minh City,PM2.5 - Principal,16DEC18:19:00,2018,12,16,19,21,69,Moderate,29,UG/M3,1 Hr,Valid
Ho Chi Minh City,PM2.5 - Principal,16DEC18:20:00,2018,12,16,20,28,85,Moderate,36,UG/M3,1 Hr,Valid
Ho Chi Minh City,PM2.5 - Principal,16DEC18:21:00,2018,12,16,21,30,88,Moderate,31,UG/M3,1 Hr,Valid
Ho Chi Minh City,PM2.5 - Principal,16DEC18:22:00,2018,12,16,22,31,91,Moderate,33,UG/M3,1 Hr,Valid
Ho Chi Minh City,PM2.5 - Principal,16DEC18:23:00,2018,12,16,23,15,57,Moderate,24,UG/M3,1 Hr,Valid
Ho Chi Minh City,PM2.5 - Principal,17DEC18:00:00,2018,12,17,0,19,66,Moderate,23,UG/M3,1 Hr,Valid
Ho Chi Minh City,PM2.5 - Principal,17DEC18:01:00,2018,12,17,1,18,62,Moderate,16,UG/M3,1 Hr,Valid
Ho Chi Minh City,PM2.5 - Principal,17DEC18:02:00,2018,12,17,2,22,72,Moderate,27,UG/M3,1 Hr,Valid
Ho Chi Minh City,PM2.5 - Principal,17DEC18:03:00,2018,12,17,3,20,68,Moderate,18,UG/M3,1 Hr,Valid
Ho Chi Minh City,PM2.5 - Principal,17DEC18:04:00,2018,12,17,4,21,70,Moderate,22,UG/M3,1 Hr,Valid
Ho Chi Minh City,PM2.5 - Principal,17DEC18:05:00,2018,12,17,5,23,74,Moderate,25,UG/M3,1 Hr,Valid
Ho Chi Minh City,PM2.5 - Principal,17DEC18:06:00,2018,12,17,6,32,93,Moderate,41,UG/M3,1 Hr,Valid
Ho Chi Minh City,PM2.5 - Principal,17DEC18:07:00,2018,12,17,7,35,99,Moderate,38,UG/M3,1 Hr,Valid
Ho Chi Minh City,PM2.5 - Principal,17DEC18:08:00,2018,12,17,8,42,117,Unhealthy for Sensitive Groups,49,UG/M3,1 Hr,Valid
Ho Chi Minh City,PM2.5 - Principal,17DEC18:09:00,2018,12,17,9,42,117,Unhealthy for Sensitive Groups,24,UG/M3,1 Hr,Invalid
Ho Chi Minh City,PM2.5 - Principal,17DEC18:10:00,2018,12,17,10,55,150,Unhealthy for Sensitive Groups,62,UG/M3,1 Hr,Valid
Ho Chi Minh City,PM2.5 - Principal,17DEC18:11:00,2018,12,17,11,53,144,Unhealthy for Sensitive Groups,51,UG/M3,1 Hr,Valid
Ho Chi Minh City,PM2.5 - Principal,17DEC18:12:00,2018,12,17,12,55,148,Unhealthy for Sensitive Groups,56,UG/M3,1 Hr,Valid
Ho Chi Minh City,PM2.5 - Principal,17DEC18:13:00,2018,12,17,13,55,148,Unhealthy for Sensitive Groups,55,UG/M3,1 Hr,Valid
Ho Chi Minh City,PM2.5 - Principal,17DEC18:14:00,2018,12,17,14,52,141,Unhealthy for Sensitive Groups,49,UG/M3,1 Hr,Valid
Ho Chi Minh City,PM2.5 - Principal,17DEC18:15:00,2018,12,17,15,42,118,Unhealthy for Sensitive Groups,33,UG/M3,1 Hr,Valid
Ho Chi Minh City,PM2.5 - Principal,17DEC18:16:00,2018,12,17,16,32,93,Moderate,22,UG/M3,1 Hr,Valid
Ho Chi Minh City,PM2.5 - Principal,17DEC18:17:00,2018,12,17,17,33,94,Moderate,33,UG/M3,1 Hr,Valid
Ho Chi Minh City,PM2.5 - Principal,17DEC18:18:00,2018,12,17,18,41,115,Unhealthy for Sensitive Groups,50,UG/M3,1 Hr,Valid
Ho Chi Minh City,PM2.5 - Principal,17DEC18:19:00,2018,12,17,19,39,109,Unhealthy for Sensitive Groups,36,UG/M3,1 Hr,Valid
Ho Chi Minh City,PM2.5 - Principal,17DEC18:20:00,2018,12,17,20,39,109,Unhealthy for Sensitive Groups,24,UG/M3,1 Hr,Invalid
Ho Chi Minh City,PM2.5 - Principal,17DEC18:21:00,2018,12,17,21,39,109,Unhealthy for Sensitive Groups,24,UG/M3,1 Hr,Invalid
Ho Chi Minh City,PM2.5 - Principal,17DEC18:22:00,2018,12,17,22,39,109,Unhealthy for Sensitive Groups,24,UG/M3,1 Hr,Invalid
Ho Chi Minh City,PM2.5 - Principal,17DEC18:23:00,2018,12,17,23,39,109,Unhealthy for Sensitive Groups,24,UG/M3,1 Hr,Invalid
Ho Chi Minh City,PM2.5 - Principal,18DEC18:00:00,2018,12,18,0,25,77,N/A,24,UG/M3,1 Hr,Invalid
Ho Chi Minh City,PM2.5 - Principal,18DEC18:01:00,2018,12,18,1,25,77,N/A,24,UG/M3,1 Hr,Invalid
Ho Chi Minh City,PM2.5 - Principal,18DEC18:02:00,2018,12,18,2,25,77,N/A,24,UG/M3,1 Hr,Invalid
Ho Chi Minh City,PM2.5 - Principal,18DEC18:03:00,2018,12,18,3,25,77,N/A,24,UG/M3,1 Hr,Invalid
Ho Chi Minh City,PM2.5 - Principal,18DEC18:04:00,2018,12,18,4,25,77,N/A,24,UG/M3,1 Hr,Invalid
Ho Chi Minh City,PM2.5 - Principal,18DEC18:05:00,2018,12,18,5,25,77,N/A,24,UG/M3,1 Hr,Invalid
Ho Chi Minh City,PM2.5 - Principal,18DEC18:06:00,2018,12,18,6,25,77,N/A,24,UG/M3,1 Hr,Invalid
Ho Chi Minh City,PM2.5 - Principal,18DEC18:07:00,2018,12,18,7,25,77,N/A,24,UG/M3,1 Hr,Invalid
Ho Chi Minh City,PM2.5 - Principal,18DEC18:08:00,2018,12,18,8,25,77,N/A,24,UG/M3,1 Hr,Invalid
Ho Chi Minh City,PM2.5 - Principal,18DEC18:09:00,2018,12,18,9,25,77,N/A,24,UG/M3,1 Hr,Invalid
Ho Chi Minh City,PM2.5 - Principal,18DEC18:10:00,2018,12,18,10,25,77,N/A,24,UG/M3,1 Hr,Invalid
Ho Chi Minh City,PM2.5 - Principal,18DEC18:11:00,2018,12,18,11,25,77,N/A,24,UG/M3,1 Hr,Invalid
Ho Chi Minh City,PM2.5 - Principal,18DEC18:12:00,2018,12,18,12,25,77,N/A,24,UG/M3,1 Hr,Invalid
Ho Chi Minh City,PM2.5 - Principal,18DEC18:13:00,2018,12,18,13,25,77,N/A,24,UG/M3,1 Hr,Invalid
Ho Chi Minh City,PM2.5 - Principal,18DEC18:14:00,2018,12,18,14,25,77,N/A,24,UG/M3,1 Hr,Invalid
Ho Chi Minh City,PM2.5 - Principal,18DEC18:15:00,2018,12,18,15,25,77,N/A,24,UG/M3,1 Hr,Invalid
Ho Chi Minh City,PM2.5 - Principal,18DEC18:16:00,2018,12,18,16,25,77,N/A,24,UG/M3,1 Hr,Invalid
Ho Chi Minh City,PM2.5 - Principal,18DEC18:17:00,2018,12,18,17,25,77,N/A,24,UG/M3,1 Hr,Invalid
Ho Chi Minh City,PM2.5 - Principal,18DEC18:18:00,2018,12,18,18,25,77,N/A,24,UG/M3,1 Hr,Invalid
Ho Chi Minh City,PM2.5 - Principal,18DEC18:19:00,2018,12,18,19,25,77,N/A,24,UG/M3,1 Hr,Invalid
Ho Chi Minh City,PM2.5 - Principal,18DEC18:20:00,2018,12,18,20,25,77,N/A,24,UG/M3,1 Hr,Invalid
Ho Chi Minh City,PM2.5 - Principal,18DEC18:21:00,2018,12,18,21,25,77,N/A,24,UG/M3,1 Hr,Invalid
Ho Chi Minh City,PM2.5 - Principal,18DEC18:22:00,2018,12,18,22,25,77,N/A,24,UG/M3,1 Hr,Invalid
Ho Chi Minh City,PM2.5 - Principal,18DEC18:23:00,2018,12,18,23,25,77,N/A,24,UG/M3,1 Hr,Invalid
Ho Chi Minh City,PM2.5 - Principal,19DEC18:00:00,2018,12,19,0,25,77,N/A,24,UG/M3,1 Hr,Invalid
Ho Chi Minh City,PM2.5 - Principal,19DEC18:01:00,2018,12,19,1,25,77,N/A,24,UG/M3,1 Hr,Invalid
Ho Chi Minh City,PM2.5 - Principal,19DEC18:02:00,2018,12,19,2,25,77,N/A,24,UG/M3,1 Hr,Invalid
Ho Chi Minh City,PM2.5 - Principal,19DEC18:03:00,2018,12,19,3,25,77,N/A,24,UG/M3,1 Hr,Invalid
Ho Chi Minh City,PM2.5 - Principal,19DEC18:04:00,2018,12,19,4,25,77,N/A,24,UG/M3,1 Hr,Invalid
Ho Chi Minh City,PM2.5 - Principal,19DEC18:05:00,2018,12,19,5,25,77,N/A,24,UG/M3,1 Hr,Invalid
Ho Chi Minh City,PM2.5 - Principal,19DEC18:06:00,2018,12,19,6,25,77,N/A,24,UG/M3,1 Hr,Invalid
Ho Chi Minh City,PM2.5 - Principal,19DEC18:07:00,2018,12,19,7,25,77,N/A,24,UG/M3,1 Hr,Invalid
Ho Chi Minh City,PM2.5 - Principal,19DEC18:08:00,2018,12,19,8,25,77,N/A,24,UG/M3,1 Hr,Invalid
Ho Chi Minh City,PM2.5 - Principal,19DEC18:09:00,2018,12,19,9,25,77,N/A,24,UG/M3,1 Hr,Invalid
Ho Chi Minh City,PM2.5 - Principal,19DEC18:10:00,2018,12,19,10,25,77,N/A,24,UG/M3,1 Hr,Invalid
Ho Chi Minh City,PM2.5 - Principal,19DEC18:11:00,2018,12,19,11,25,77,N/A,24,UG/M3,1 Hr,Invalid
Ho Chi Minh City,PM2.5 - Principal,19DEC18:12:00,2018,12,19,12,25,77,N/A,24,UG/M3,1 Hr,Invalid
Ho Chi Minh City,PM2.5 - Principal,19DEC18:13:00,2018,12,19,13,25,77,N/A,24,UG/M3,1 Hr,Invalid
Ho Chi Minh City,PM2.5 - Principal,19DEC18:14:00,2018,12,19,14,25,77,N/A,24,UG/M3,1 Hr,Invalid
Ho Chi Minh City,PM2.5 - Principal,19DEC18:15:00,2018,12,19,15,25,77,N/A,24,UG/M3,1 Hr,Invalid
Ho Chi Minh City,PM2.5 - Principal,19DEC18:16:00,2018,12,19,16,25,77,N/A,24,UG/M3,1 Hr,Invalid
Ho Chi Minh City,PM2.5 - Principal,19DEC18:17:00,2018,12,19,17,25,77,N/A,24,UG/M3,1 Hr,Invalid
Ho Chi Minh City,PM2.5 - Principal,19DEC18:18:00,2018,12,19,18,25,77,N/A,24,UG/M3,1 Hr,Invalid
Ho Chi Minh City,PM2.5 - Principal,19DEC18:19:00,2018,12,19,19,25,77,N/A,24,UG/M3,1 Hr,Invalid
Ho Chi Minh City,PM2.5 - Principal,19DEC18:20:00,2018,12,19,20,25,77,N/A,24,UG/M3,1 Hr,Invalid
Ho Chi Minh City,PM2.5 - Principal,19DEC18:21:00,2018,12,19,21,25,77,N/A,24,UG/M3,1 Hr,Invalid
Ho Chi Minh City,PM2.5 - Principal,19DEC18:22:00,2018,12,19,22,25,77,N/A,24,UG/M3,1 Hr,Invalid
Ho Chi Minh City,PM2.5 - Principal,19DEC18:23:00,2018,12,19,23,25,77,N/A,24,UG/M3,1 Hr,Invalid
Ho Chi Minh City,PM2.5 - Principal,20DEC18:00:00,2018,12,20,0,25,77,N/A,24,UG/M3,1 Hr,Invalid
Ho Chi Minh City,PM2.5 - Principal,20DEC18:01:00,2018,12,20,1,25,77,N/A,24,UG/M3,1 Hr,Invalid
Ho Chi Minh City,PM2.5 - Principal,20DEC18:02:00,2018,12,20,2,25,77,N/A,24,UG/M3,1 Hr,Invalid
Ho Chi Minh City,PM2.5 - Principal,20DEC18:03:00,2018,12,20,3,25,77,N/A,24,UG/M3,1 Hr,Invalid
Ho Chi Minh City,PM2.5 - Principal,20DEC18:04:00,2018,12,20,4,25,77,N/A,24,UG/M3,1 Hr,Invalid
Ho Chi Minh City,PM2.5 - Principal,20DEC18:05:00,2018,12,20,5,25,77,N/A,24,UG/M3,1 Hr,Invalid
Ho Chi Minh City,PM2.5 - Principal,20DEC18:06:00,2018,12,20,6,25,77,N/A,24,UG/M3,1 Hr,Invalid
Ho Chi Minh City,PM2.5 - Principal,20DEC18:07:00,2018,12,20,7,25,77,N/A,24,UG/M3,1 Hr,Invalid
Ho Chi Minh City,PM2.5 - Principal,20DEC18:08:00,2018,12,20,8,25,77,N/A,24,UG/M3,1 Hr,Invalid
Ho Chi Minh City,PM2.5 - Principal,20DEC18:09:00,2018,12,20,9,25,77,N/A,24,UG/M3,1 Hr,Invalid
Ho Chi Minh City,PM2.5 - Principal,20DEC18:10:00,2018,12,20,10,25,77,N/A,24,UG/M3,1 Hr,Invalid
Ho Chi Minh City,PM2.5 - Principal,20DEC18:11:00,2018,12,20,11,25,77,N/A,24,UG/M3,1 Hr,Invalid
Ho Chi Minh City,PM2.5 - Principal,20DEC18:12:00,2018,12,20,12,25,77,N/A,24,UG/M3,1 Hr,Invalid
Ho Chi Minh City,PM2.5 - Principal,20DEC18:13:00,2018,12,20,13,25,77,N/A,24,UG/M3,1 Hr,Invalid
Ho Chi Minh City,PM2.5 - Principal,20DEC18:14:00,2018,12,20,14,25,77,N/A,24,UG/M3,1 Hr,Invalid
Ho Chi Minh City,PM2.5 - Principal,20DEC18:15:00,2018,12,20,15,25,77,N/A,24,UG/M3,1 Hr,Invalid
Ho Chi Minh City,PM2.5 - Principal,20DEC18:16:00,2018,12,20,16,25,77,N/A,24,UG/M3,1 Hr,Invalid
Ho Chi Minh City,PM2.5 - Principal,20DEC18:17:00,2018,12,20,17,25,77,N/A,24,UG/M3,1 Hr,Invalid
Ho Chi Minh City,PM2.5 - Principal,20DEC18:18:00,2018,12,20,18,25,77,N/A,24,UG/M3,1 Hr,Invalid
Ho Chi Minh City,PM2.5 - Principal,20DEC18:19:00,2018,12,20,19,25,77,N/A,24,UG/M3,1 Hr,Invalid
Ho Chi Minh City,PM2.5 - Principal,20DEC18:20:00,2018,12,20,20,25,77,N/A,24,UG/M3,1 Hr,Invalid
Ho Chi Minh City,PM2.5 - Principal,20DEC18:21:00,2018,12,20,21,25,77,N/A,24,UG/M3,1 Hr,Invalid
Ho Chi Minh City,PM2.5 - Principal,20DEC18:22:00,2018,12,20,22,25,77,N/A,24,UG/M3,1 Hr,Invalid
Ho Chi Minh City,PM2.5 - Principal,20DEC18:23:00,2018,12,20,23,25,77,N/A,24,UG/M3,1 Hr,Invalid
Ho Chi Minh City,PM2.5 - Principal,21DEC18:00:00,2018,12,21,0,25,77,N/A,24,UG/M3,1 Hr,Invalid
Ho Chi Minh City,PM2.5 - Principal,21DEC18:01:00,2018,12,21,1,25,77,N/A,24,UG/M3,1 Hr,Invalid
Ho Chi Minh City,PM2.5 - Principal,21DEC18:02:00,2018,12,21,2,25,77,N/A,24,UG/M3,1 Hr,Invalid
Ho Chi Minh City,PM2.5 - Principal,21DEC18:03:00,2018,12,21,3,25,77,N/A,24,UG/M3,1 Hr,Invalid
Ho Chi Minh City,PM2.5 - Principal,21DEC18:04:00,2018,12,21,4,25,77,N/A,24,UG/M3,1 Hr,Invalid
Ho Chi Minh City,PM2.5 - Principal,21DEC18:05:00,2018,12,21,5,25,77,N/A,24,UG/M3,1 Hr,Invalid
Ho Chi Minh City,PM2.5 - Principal,21DEC18:06:00,2018,12,21,6,25,77,N/A,24,UG/M3,1 Hr,Invalid
Ho Chi Minh City,PM2.5 - Principal,21DEC18:07:00,2018,12,21,7,25,77,N/A,24,UG/M3,1 Hr,Invalid
Ho Chi Minh City,PM2.5 - Principal,21DEC18:08:00,2018,12,21,8,25,77,N/A,24,UG/M3,1 Hr,Invalid
Ho Chi Minh City,PM2.5 - Principal,21DEC18:09:00,2018,12,21,9,25,77,N/A,24,UG/M3,1 Hr,Invalid
Ho Chi Minh City,PM2.5 - Principal,21DEC18:10:00,2018,12,21,10,25,77,N/A,24,UG/M3,1 Hr,Invalid
Ho Chi Minh City,PM2.5 - Principal,21DEC18:11:00,2018,12,21,11,25,77,N/A,79,UG/M3,1 Hr,Valid
Ho Chi Minh City,PM2.5 - Principal,21DEC18:12:00,2018,12,21,12,82,165,Unhealthy,85,UG/M3,1 Hr,Valid
Ho Chi Minh City,PM2.5 - Principal,21DEC18:13:00,2018,12,21,13,77,162,Unhealthy,69,UG/M3,1 Hr,Valid
Ho Chi Minh City,PM2.5 - Principal,21DEC18:14:00,2018,12,21,14,63,155,Unhealthy,49,UG/M3,1 Hr,Valid
Ho Chi Minh City,PM2.5 - Principal,21DEC18:15:00,2018,12,21,15,62,154,Unhealthy,61,UG/M3,1 Hr,Valid
Ho Chi Minh City,PM2.5 - Principal,21DEC18:16:00,2018,12,21,16,56,151,Unhealthy,48,UG/M3,1 Hr,Valid
Ho Chi Minh City,PM2.5 - Principal,21DEC18:17:00,2018,12,21,17,52,140,Unhealthy for Sensitive Groups,47,UG/M3,1 Hr,Valid
Ho Chi Minh City,PM2.5 - Principal,21DEC18:18:00,2018,12,21,18,40,112,Unhealthy for Sensitive Groups,29,UG/M3,1 Hr,Valid
Ho Chi Minh City,PM2.5 - Principal,21DEC18:19:00,2018,12,21,19,31,90,Moderate,22,UG/M3,1 Hr,Valid
Ho Chi Minh City,PM2.5 - Principal,21DEC18:20:00,2018,12,21,20,24,76,Moderate,17,UG/M3,1 Hr,Valid
Ho Chi Minh City,PM2.5 - Principal,21DEC18:21:00,2018,12,21,21,20,67,Moderate,16,UG/M3,1 Hr,Valid
Ho Chi Minh City,PM2.5 - Principal,21DEC18:22:00,2018,12,21,22,26,80,Moderate,32,UG/M3,1 Hr,Valid
Ho Chi Minh City,PM2.5 - Principal,21DEC18:23:00,2018,12,21,23,20,67,Moderate,14,UG/M3,1 Hr,Valid
Ho Chi Minh City,PM2.5 - Principal,22DEC18:00:00,2018,12,22,0,21,71,Moderate,23,UG/M3,1 Hr,Valid
Ho Chi Minh City,PM2.5 - Principal,22DEC18:01:00,2018,12,22,1,14,55,Moderate,7,UG/M3,1 Hr,Valid
Ho Chi Minh City,PM2.5 - Principal,22DEC18:02:00,2018,12,22,2,16,59,Moderate,18,UG/M3,1 Hr,Valid
Ho Chi Minh City,PM2.5 - Principal,22DEC18:03:00,2018,12,22,3,15,57,Moderate,14,UG/M3,1 Hr,Valid
Ho Chi Minh City,PM2.5 - Principal,22DEC18:04:00,2018,12,22,4,13,53,Moderate,11,UG/M3,1 Hr,Valid
Ho Chi Minh City,PM2.5 - Principal,22DEC18:05:00,2018,12,22,5,15,57,Moderate,17,UG/M3,1 Hr,Valid
Ho Chi Minh City,PM2.5 - Principal,22DEC18:06:00,2018,12,22,6,15,56,Moderate,14,UG/M3,1 Hr,Valid
Ho Chi Minh City,PM2.5 - Principal,22DEC18:07:00,2018,12,22,7,13,52,Moderate,11,UG/M3,1 Hr,Valid
Ho Chi Minh City,PM2.5 - Principal,22DEC18:08:00,2018,12,22,8,42,118,Unhealthy for Sensitive Groups,72,UG/M3,1 Hr,Valid
Ho Chi Minh City,PM2.5 - Principal,22DEC18:09:00,2018,12,22,9,53,144,Unhealthy for Sensitive Groups,64,UG/M3,1 Hr,Valid
Ho Chi Minh City,PM2.5 - Principal,22DEC18:10:00,2018,12,22,10,66,156,Unhealthy,78,UG/M3,1 Hr,Valid
Ho Chi Minh City,PM2.5 - Principal,22DEC18:11:00,2018,12,22,11,73,160,Unhealthy,80,UG/M3,1 Hr,Valid
Ho Chi Minh City,PM2.5 - Principal,22DEC18:12:00,2018,12,22,12,71,159,Unhealthy,69,UG/M3,1 Hr,Valid
Ho Chi Minh City,PM2.5 - Principal,22DEC18:13:00,2018,12,22,13,67,157,Unhealthy,63,UG/M3,1 Hr,Valid
Ho Chi Minh City,PM2.5 - Principal,22DEC18:14:00,2018,12,22,14,61,154,Unhealthy,56,UG/M3,1 Hr,Valid
Ho Chi Minh City,PM2.5 - Principal,22DEC18:15:00,2018,12,22,15,54,146,Unhealthy for Sensitive Groups,46,UG/M3,1 Hr,Valid
Ho Chi Minh City,PM2.5 - Principal,22DEC18:16:00,2018,12,22,16,49,134,Unhealthy for Sensitive Groups,44,UG/M3,1 Hr,Valid
Ho Chi Minh City,PM2.5 - Principal,22DEC18:17:00,2018,12,22,17,50,136,Unhealthy for Sensitive Groups,51,UG/M3,1 Hr,Valid
Ho Chi Minh City,PM2.5 - Principal,22DEC18:18:00,2018,12,22,18,51,140,Unhealthy for Sensitive Groups,53,UG/M3,1 Hr,Valid
Ho Chi Minh City,PM2.5 - Principal,22DEC18:19:00,2018,12,22,19,57,152,Unhealthy,64,UG/M3,1 Hr,Valid
Ho Chi Minh City,PM2.5 - Principal,22DEC18:20:00,2018,12,22,20,44,121,Unhealthy for Sensitive Groups,30,UG/M3,1 Hr,Valid
Ho Chi Minh City,PM2.5 - Principal,22DEC18:21:00,2018,12,22,21,35,99,Moderate,26,UG/M3,1 Hr,Valid
Ho Chi Minh City,PM2.5 - Principal,22DEC18:22:00,2018,12,22,22,33,95,Moderate,31,UG/M3,1 Hr,Valid
Ho Chi Minh City,PM2.5 - Principal,22DEC18:23:00,2018,12,22,23,31,92,Moderate,30,UG/M3,1 Hr,Valid
Ho Chi Minh City,PM2.5 - Principal,23DEC18:00:00,2018,12,23,0,35,99,Moderate,38,UG/M3,1 Hr,Valid
Ho Chi Minh City,PM2.5 - Principal,23DEC18:01:00,2018,12,23,1,35,100,Moderate,36,UG/M3,1 Hr,Valid
Ho Chi Minh City,PM2.5 - Principal,23DEC18:02:00,2018,12,23,2,32,93,Moderate,29,UG/M3,1 Hr,Valid
Ho Chi Minh City,PM2.5 - Principal,23DEC18:03:00,2018,12,23,3,36,102,Unhealthy for Sensitive Groups,40,UG/M3,1 Hr,Valid
Ho Chi Minh City,PM2.5 - Principal,23DEC18:04:00,2018,12,23,4,40,111,Unhealthy for Sensitive Groups,43,UG/M3,1 Hr,Valid
Ho Chi Minh City,PM2.5 - Principal,23DEC18:05:00,2018,12,23,5,42,117,Unhealthy for Sensitive Groups,45,UG/M3,1 Hr,Valid
Ho Chi Minh City,PM2.5 - Principal,23DEC18:06:00,2018,12,23,6,54,147,Unhealthy for Sensitive Groups,66,UG/M3,1 Hr,Valid
Ho Chi Minh City,PM2.5 - Principal,23DEC18:07:00,2018,12,23,7,62,154,Unhealthy,69,UG/M3,1 Hr,Valid
Ho Chi Minh City,PM2.5 - Principal,23DEC18:08:00,2018,12,23,8,78,162,Unhealthy,94,UG/M3,1 Hr,Valid
Ho Chi Minh City,PM2.5 - Principal,23DEC18:09:00,2018,12,23,9,91,169,Unhealthy,104,UG/M3,1 Hr,Valid
Ho Chi Minh City,PM2.5 - Principal,23DEC18:10:00,2018,12,23,10,75,161,Unhealthy,59,UG/M3,1 Hr,Valid
Ho Chi Minh City,PM2.5 - Principal,23DEC18:11:00,2018,12,23,11,66,157,Unhealthy,58,UG/M3,1 Hr,Valid
Ho Chi Minh City,PM2.5 - Principal,23DEC18:12:00,2018,12,23,12,57,152,Unhealthy,47,UG/M3,1 Hr,Valid
Ho Chi Minh City,PM2.5 - Principal,23DEC18:13:00,2018,12,23,13,47,129,Unhealthy for Sensitive Groups,37,UG/M3,1 Hr,Valid
Ho Chi Minh City,PM2.5 - Principal,23DEC18:14:00,2018,12,23,14,42,117,Unhealthy for Sensitive Groups,37,UG/M3,1 Hr,Valid
Ho Chi Minh City,PM2.5 - Principal,23DEC18:15:00,2018,12,23,15,35,99,Moderate,28,UG/M3,1 Hr,Valid
Ho Chi Minh City,PM2.5 - Principal,23DEC18:16:00,2018,12,23,16,28,84,Moderate,21,UG/M3,1 Hr,Valid
Ho Chi Minh City,PM2.5 - Principal,23DEC18:17:00,2018,12,23,17,25,78,Moderate,22,UG/M3,1 Hr,Valid
Ho Chi Minh City,PM2.5 - Principal,23DEC18:18:00,2018,12,23,18,37,104,Unhealthy for Sensitive Groups,49,UG/M3,1 Hr,Valid
Ho Chi Minh City,PM2.5 - Principal,23DEC18:19:00,2018,12,23,19,50,136,Unhealthy for Sensitive Groups,63,UG/M3,1 Hr,Valid
Ho Chi Minh City,PM2.5 - Principal,23DEC18:20:00,2018,12,23,20,41,116,Unhealthy for Sensitive Groups,33,UG/M3,1 Hr,Valid
Ho Chi Minh City,PM2.5 - Principal,23DEC18:21:00,2018,12,23,21,41,115,Unhealthy for Sensitive Groups,41,UG/M3,1 Hr,Valid
Ho Chi Minh City,PM2.5 - Principal,23DEC18:22:00,2018,12,23,22,43,120,Unhealthy for Sensitive Groups,45,UG/M3,1 Hr,Valid
Ho Chi Minh City,PM2.5 - Principal,23DEC18:23:00,2018,12,23,23,46,127,Unhealthy for Sensitive Groups,49,UG/M3,1 Hr,Valid
Ho Chi Minh City,PM2.5 - Principal,24DEC18:00:00,2018,12,24,0,50,137,Unhealthy for Sensitive Groups,54,UG/M3,1 Hr,Valid
Ho Chi Minh City,PM2.5 - Principal,24DEC18:01:00,2018,12,24,1,42,116,Unhealthy for Sensitive Groups,33,UG/M3,1 Hr,Valid
Ho Chi Minh City,PM2.5 - Principal,24DEC18:02:00,2018,12,24,2,36,101,Unhealthy for Sensitive Groups,30,UG/M3,1 Hr,Valid
Ho Chi Minh City,PM2.5 - Principal,24DEC18:03:00,2018,12,24,3,33,96,Moderate,31,UG/M3,1 Hr,Valid
Ho Chi Minh City,PM2.5 - Principal,24DEC18:04:00,2018,12,24,4,31,91,Moderate,29,UG/M3,1 Hr,Valid
Ho Chi Minh City,PM2.5 - Principal,24DEC18:05:00,2018,12,24,5,23,74,Moderate,15,UG/M3,1 Hr,Valid
Ho Chi Minh City,PM2.5 - Principal,24DEC18:06:00,2018,12,24,6,20,67,Moderate,16,UG/M3,1 Hr,Valid
Ho Chi Minh City,PM2.5 - Principal,24DEC18:07:00,2018,12,24,7,19,65,Moderate,18,UG/M3,1 Hr,Valid
Ho Chi Minh City,PM2.5 - Principal,24DEC18:08:00,2018,12,24,8,26,80,Moderate,33,UG/M3,1 Hr,Valid
Ho Chi Minh City,PM2.5 - Principal,24DEC18:09:00,2018,12,24,9,28,84,Moderate,30,UG/M3,1 Hr,Valid
Ho Chi Minh City,PM2.5 - Principal,24DEC18:10:00,2018,12,24,10,29,86,Moderate,30,UG/M3,1 Hr,Valid
Ho Chi Minh City,PM2.5 - Principal,24DEC18:11:00,2018,12,24,11,31,91,Moderate,33,UG/M3,1 Hr,Valid
Ho Chi Minh City,PM2.5 - Principal,24DEC18:12:00,2018,12,24,12,27,83,Moderate,24,UG/M3,1 Hr,Valid
Ho Chi Minh City,PM2.5 - Principal,24DEC18:13:00,2018,12,24,13,27,83,Moderate,27,UG/M3,1 Hr,Valid
Ho Chi Minh City,PM2.5 - Principal,24DEC18:14:00,2018,12,24,14,30,89,Moderate,33,UG/M3,1 Hr,Valid
Ho Chi Minh City,PM2.5 - Principal,24DEC18:15:00,2018,12,24,15,31,90,Moderate,31,UG/M3,1 Hr,Valid
Ho Chi Minh City,PM2.5 - Principal,24DEC18:16:00,2018,12,24,16,33,94,Moderate,35,UG/M3,1 Hr,Valid
Ho Chi Minh City,PM2.5 - Principal,24DEC18:17:00,2018,12,24,17,29,86,Moderate,25,UG/M3,1 Hr,Valid
Ho Chi Minh City,PM2.5 - Principal,24DEC18:18:00,2018,12,24,18,25,77,Moderate,20,UG/M3,1 Hr,Valid
Ho Chi Minh City,PM2.5 - Principal,24DEC18:19:00,2018,12,24,19,21,70,Moderate,18,UG/M3,1 Hr,Valid
Ho Chi Minh City,PM2.5 - Principal,24DEC18:20:00,2018,12,24,20,28,84,Moderate,35,UG/M3,1 Hr,Valid
Ho Chi Minh City,PM2.5 - Principal,24DEC18:21:00,2018,12,24,21,25,77,Moderate,21,UG/M3,1 Hr,Valid
Ho Chi Minh City,PM2.5 - Principal,24DEC18:22:00,2018,12,24,22,31,90,Moderate,37,UG/M3,1 Hr,Valid
Ho Chi Minh City,PM2.5 - Principal,24DEC18:23:00,2018,12,24,23,32,92,Moderate,33,UG/M3,1 Hr,Valid
Ho Chi Minh City,PM2.5 - Principal,25DEC18:00:00,2018,12,25,0,31,92,Moderate,31,UG/M3,1 Hr,Valid
Ho Chi Minh City,PM2.5 - Principal,25DEC18:01:00,2018,12,25,1,22,72,Moderate,13,UG/M3,1 Hr,Valid
Ho Chi Minh City,PM2.5 - Principal,25DEC18:02:00,2018,12,25,2,19,65,Moderate,15,UG/M3,1 Hr,Valid
Ho Chi Minh City,PM2.5 - Principal,25DEC18:03:00,2018,12,25,3,30,89,Moderate,42,UG/M3,1 Hr,Valid
Ho Chi Minh City,PM2.5 - Principal,25DEC18:04:00,2018,12,25,4,43,118,Unhealthy for Sensitive Groups,55,UG/M3,1 Hr,Valid
Ho Chi Minh City,PM2.5 - Principal,25DEC18:05:00,2018,12,25,5,52,141,Unhealthy for Sensitive Groups,61,UG/M3,1 Hr,Valid
Ho Chi Minh City,PM2.5 - Principal,25DEC18:06:00,2018,12,25,6,47,129,Unhealthy for Sensitive Groups,42,UG/M3,1 Hr,Valid
Ho Chi Minh City,PM2.5 - Principal,25DEC18:07:00,2018,12,25,7,55,150,Unhealthy for Sensitive Groups,64,UG/M3,1 Hr,Valid
Ho Chi Minh City,PM2.5 - Principal,25DEC18:08:00,2018,12,25,8,63,155,Unhealthy,71,UG/M3,1 Hr,Valid
Ho Chi Minh City,PM2.5 - Principal,25DEC18:09:00,2018,12,25,9,50,137,Unhealthy for Sensitive Groups,37,UG/M3,1 Hr,Valid
Ho Chi Minh City,PM2.5 - Principal,25DEC18:10:00,2018,12,25,10,43,118,Unhealthy for Sensitive Groups,35,UG/M3,1 Hr,Valid
Ho Chi Minh City,PM2.5 - Principal,25DEC18:11:00,2018,12,25,11,43,119,Unhealthy for Sensitive Groups,43,UG/M3,1 Hr,Valid
Ho Chi Minh City,PM2.5 - Principal,25DEC18:12:00,2018,12,25,12,40,113,Unhealthy for Sensitive Groups,38,UG/M3,1 Hr,Valid
Ho Chi Minh City,PM2.5 - Principal,25DEC18:13:00,2018,12,25,13,39,109,Unhealthy for Sensitive Groups,37,UG/M3,1 Hr,Valid
Ho Chi Minh City,PM2.5 - Principal,25DEC18:14:00,2018,12,25,14,34,97,Moderate,29,UG/M3,1 Hr,Valid
Ho Chi Minh City,PM2.5 - Principal,25DEC18:15:00,2018,12,25,15,36,102,Unhealthy for Sensitive Groups,38,UG/M3,1 Hr,Valid
Ho Chi Minh City,PM2.5 - Principal,25DEC18:16:00,2018,12,25,16,32,94,Moderate,29,UG/M3,1 Hr,Valid
Ho Chi Minh City,PM2.5 - Principal,25DEC18:17:00,2018,12,25,17,29,86,Moderate,25,UG/M3,1 Hr,Valid
Ho Chi Minh City,PM2.5 - Principal,25DEC18:18:00,2018,12,25,18,26,80,Moderate,23,UG/M3,1 Hr,Valid
Ho Chi Minh City,PM2.5 - Principal,25DEC18:19:00,2018,12,25,19,28,84,Moderate,30,UG/M3,1 Hr,Valid
Ho Chi Minh City,PM2.5 - Principal,25DEC18:20:00,2018,12,25,20,27,81,Moderate,25,UG/M3,1 Hr,Valid
Ho Chi Minh City,PM2.5 - Principal,25DEC18:21:00,2018,12,25,21,23,74,Moderate,20,UG/M3,1 Hr,Valid
Ho Chi Minh City,PM2.5 - Principal,25DEC18:22:00,2018,12,25,22,21,70,Moderate,19,UG/M3,1 Hr,Valid
Ho Chi Minh City,PM2.5 - Principal,25DEC18:23:00,2018,12,25,23,17,60,Moderate,12,UG/M3,1 Hr,Valid
Ho Chi Minh City,PM2.5 - Principal,26DEC18:00:00,2018,12,26,0,13,52,Moderate,9,UG/M3,1 Hr,Valid
Ho Chi Minh City,PM2.5 - Principal,26DEC18:01:00,2018,12,26,1,9.3,39,Good,6,UG/M3,1 Hr,Valid
Ho Chi Minh City,PM2.5 - Principal,26DEC18:02:00,2018,12,26,2,17,60,Moderate,24,UG/M3,1 Hr,Valid
Ho Chi Minh City,PM2.5 - Principal,26DEC18:03:00,2018,12,26,3,19,65,Moderate,21,UG/M3,1 Hr,Valid
Ho Chi Minh City,PM2.5 - Principal,26DEC18:04:00,2018,12,26,4,21,71,Moderate,24,UG/M3,1 Hr,Valid
Ho Chi Minh City,PM2.5 - Principal,26DEC18:05:00,2018,12,26,5,22,71,Moderate,22,UG/M3,1 Hr,Valid
Ho Chi Minh City,PM2.5 - Principal,26DEC18:06:00,2018,12,26,6,22,71,Moderate,22,UG/M3,1 Hr,Valid
Ho Chi Minh City,PM2.5 - Principal,26DEC18:07:00,2018,12,26,7,25,79,Moderate,29,UG/M3,1 Hr,Valid
Ho Chi Minh City,PM2.5 - Principal,26DEC18:08:00,2018,12,26,8,31,90,Moderate,36,UG/M3,1 Hr,Valid
Ho Chi Minh City,PM2.5 - Principal,26DEC18:09:00,2018,12,26,9,44,121,Unhealthy for Sensitive Groups,57,UG/M3,1 Hr,Valid
Ho Chi Minh City,PM2.5 - Principal,26DEC18:10:00,2018,12,26,10,47,129,Unhealthy for Sensitive Groups,50,UG/M3,1 Hr,Valid
Ho Chi Minh City,PM2.5 - Principal,26DEC18:11:00,2018,12,26,11,35,100,Moderate,24,UG/M3,1 Hr,Valid
Ho Chi Minh City,PM2.5 - Principal,26DEC18:12:00,2018,12,26,12,31,90,Moderate,26,UG/M3,1 Hr,Valid
Ho Chi Minh City,PM2.5 - Principal,26DEC18:13:00,2018,12,26,13,27,82,Moderate,23,UG/M3,1 Hr,Valid
Ho Chi Minh City,PM2.5 - Principal,26DEC18:14:00,2018,12,26,14,25,79,Moderate,24,UG/M3,1 Hr,Valid
Ho Chi Minh City,PM2.5 - Principal,26DEC18:15:00,2018,12,26,15,23,73,Moderate,20,UG/M3,1 Hr,Valid
Ho Chi Minh City,PM2.5 - Principal,26DEC18:16:00,2018,12,26,16,24,76,Moderate,25,UG/M3,1 Hr,Valid
Ho Chi Minh City,PM2.5 - Principal,26DEC18:17:00,2018,12,26,17,20,68,Moderate,17,UG/M3,1 Hr,Valid
Ho Chi Minh City,PM2.5 - Principal,26DEC18:18:00,2018,12,26,18,17,61,Moderate,13,UG/M3,1 Hr,Valid
Ho Chi Minh City,PM2.5 - Principal,26DEC18:19:00,2018,12,26,19,22,71,Moderate,27,UG/M3,1 Hr,Valid
Ho Chi Minh City,PM2.5 - Principal,26DEC18:20:00,2018,12,26,20,28,85,Moderate,35,UG/M3,1 Hr,Valid
Ho Chi Minh City,PM2.5 - Principal,26DEC18:21:00,2018,12,26,21,25,77,Moderate,21,UG/M3,1 Hr,Valid
Ho Chi Minh City,PM2.5 - Principal,26DEC18:22:00,2018,12,26,22,24,76,Moderate,23,UG/M3,1 Hr,Valid
Ho Chi Minh City,PM2.5 - Principal,26DEC18:23:00,2018,12,26,23,20,68,Moderate,17,UG/M3,1 Hr,Valid
Ho Chi Minh City,PM2.5 - Principal,27DEC18:00:00,2018,12,27,0,24,75,Moderate,27,UG/M3,1 Hr,Valid
Ho Chi Minh City,PM2.5 - Principal,27DEC18:01:00,2018,12,27,1,24,76,Moderate,24,UG/M3,1 Hr,Valid
Ho Chi Minh City,PM2.5 - Principal,27DEC18:02:00,2018,12,27,2,17,61,Moderate,10,UG/M3,1 Hr,Valid
Ho Chi Minh City,PM2.5 - Principal,27DEC18:03:00,2018,12,27,3,13,54,Moderate,10,UG/M3,1 Hr,Valid
Ho Chi Minh City,PM2.5 - Principal,27DEC18:04:00,2018,12,27,4,10,43,Good,7,UG/M3,1 Hr,Valid
Ho Chi Minh City,PM2.5 - Principal,27DEC18:05:00,2018,12,27,5,12,51,Moderate,14,UG/M3,1 Hr,Valid
Ho Chi Minh City,PM2.5 - Principal,27DEC18:06:00,2018,12,27,6,17,60,Moderate,21,UG/M3,1 Hr,Valid
Ho Chi Minh City,PM2.5 - Principal,27DEC18:07:00,2018,12,27,7,18,63,Moderate,19,UG/M3,1 Hr,Valid
Ho Chi Minh City,PM2.5 - Principal,27DEC18:08:00,2018,12,27,8,25,78,Moderate,32,UG/M3,1 Hr,Valid
Ho Chi Minh City,PM2.5 - Principal,27DEC18:09:00,2018,12,27,9,38,108,Unhealthy for Sensitive Groups,52,UG/M3,1 Hr,Valid
Ho Chi Minh City,PM2.5 - Principal,27DEC18:10:00,2018,12,27,10,43,120,Unhealthy for Sensitive Groups,48,UG/M3,1 Hr,Valid
Ho Chi Minh City,PM2.5 - Principal,27DEC18:11:00,2018,12,27,11,47,130,Unhealthy for Sensitive Groups,51,UG/M3,1 Hr,Valid
Ho Chi Minh City,PM2.5 - Principal,27DEC18:12:00,2018,12,27,12,45,123,Unhealthy for Sensitive Groups,42,UG/M3,1 Hr,Valid
Ho Chi Minh City,PM2.5 - Principal,27DEC18:13:00,2018,12,27,13,41,115,Unhealthy for Sensitive Groups,38,UG/M3,1 Hr,Valid
Ho Chi Minh City,PM2.5 - Principal,27DEC18:14:00,2018,12,27,14,44,121,Unhealthy for Sensitive Groups,46,UG/M3,1 Hr,Valid
Ho Chi Minh City,PM2.5 - Principal,27DEC18:15:00,2018,12,27,15,38,108,Unhealthy for Sensitive Groups,33,UG/M3,1 Hr,Valid
Ho Chi Minh City,PM2.5 - Principal,27DEC18:16:00,2018,12,27,16,31,90,Moderate,23,UG/M3,1 Hr,Valid
Ho Chi Minh City,PM2.5 - Principal,27DEC18:17:00,2018,12,27,17,25,79,Moderate,20,UG/M3,1 Hr,Valid
Ho Chi Minh City,PM2.5 - Principal,27DEC18:18:00,2018,12,27,18,25,78,Moderate,25,UG/M3,1 Hr,Valid
Ho Chi Minh City,PM2.5 - Principal,27DEC18:19:00,2018,12,27,19,32,93,Moderate,39,UG/M3,1 Hr,Valid
Ho Chi Minh City,PM2.5 - Principal,27DEC18:20:00,2018,12,27,20,38,106,Unhealthy for Sensitive Groups,43,UG/M3,1 Hr,Valid
Ho Chi Minh City,PM2.5 - Principal,27DEC18:21:00,2018,12,27,21,47,129,Unhealthy for Sensitive Groups,56,UG/M3,1 Hr,Valid
Ho Chi Minh City,PM2.5 - Principal,27DEC18:22:00,2018,12,27,22,38,107,Unhealthy for Sensitive Groups,29,UG/M3,1 Hr,Valid
Ho Chi Minh City,PM2.5 - Principal,27DEC18:23:00,2018,12,27,23,34,98,Moderate,31,UG/M3,1 Hr,Valid
Ho Chi Minh City,PM2.5 - Principal,28DEC18:00:00,2018,12,28,0,30,88,Moderate,25,UG/M3,1 Hr,Valid
Ho Chi Minh City,PM2.5 - Principal,28DEC18:01:00,2018,12,28,1,31,90,Moderate,32,UG/M3,1 Hr,Valid
Ho Chi Minh City,PM2.5 - Principal,28DEC18:02:00,2018,12,28,2,33,95,Moderate,35,UG/M3,1 Hr,Valid
Ho Chi Minh City,PM2.5 - Principal,28DEC18:03:00,2018,12,28,3,59,153,Unhealthy,85,UG/M3,1 Hr,Valid
Ho Chi Minh City,PM2.5 - Principal,28DEC18:04:00,2018,12,28,4,54,146,Unhealthy for Sensitive Groups,49,UG/M3,1 Hr,Valid
Ho Chi Minh City,PM2.5 - Principal,28DEC18:05:00,2018,12,28,5,45,125,Unhealthy for Sensitive Groups,37,UG/M3,1 Hr,Valid
Ho Chi Minh City,PM2.5 - Principal,28DEC18:06:00,2018,12,28,6,44,122,Unhealthy for Sensitive Groups,43,UG/M3,1 Hr,Valid
Ho Chi Minh City,PM2.5 - Principal,28DEC18:07:00,2018,12,28,7,47,130,Unhealthy for Sensitive Groups,50,UG/M3,1 Hr,Valid
Ho Chi Minh City,PM2.5 - Principal,28DEC18:08:00,2018,12,28,8,52,140,Unhealthy for Sensitive Groups,56,UG/M3,1 Hr,Valid
Ho Chi Minh City,PM2.5 - Principal,28DEC18:09:00,2018,12,28,9,64,155,Unhealthy,76,UG/M3,1 Hr,Valid
Ho Chi Minh City,PM2.5 - Principal,28DEC18:10:00,2018,12,28,10,62,155,Unhealthy,61,UG/M3,1 Hr,Valid
Ho Chi Minh City,PM2.5 - Principal,28DEC18:11:00,2018,12,28,11,53,144,Unhealthy for Sensitive Groups,44,UG/M3,1 Hr,Valid
Ho Chi Minh City,PM2.5 - Principal,28DEC18:12:00,2018,12,28,12,86,167,Unhealthy,118,UG/M3,1 Hr,Valid
Ho Chi Minh City,PM2.5 - Principal,28DEC18:13:00,2018,12,28,13,95,172,Unhealthy,105,UG/M3,1 Hr,Valid
Ho Chi Minh City,PM2.5 - Principal,28DEC18:14:00,2018,12,28,14,79,163,Unhealthy,62,UG/M3,1 Hr,Valid
Ho Chi Minh City,PM2.5 - Principal,28DEC18:15:00,2018,12,28,15,58,152,Unhealthy,37,UG/M3,1 Hr,Valid
Ho Chi Minh City,PM2.5 - Principal,28DEC18:16:00,2018,12,28,16,37,104,Unhealthy for Sensitive Groups,16,UG/M3,1 Hr,Valid
Ho Chi Minh City,PM2.5 - Principal,28DEC18:17:00,2018,12,28,17,25,79,Moderate,14,UG/M3,1 Hr,Valid
Ho Chi Minh City,PM2.5 - Principal,28DEC18:18:00,2018,12,28,18,20,67,Moderate,14,UG/M3,1 Hr,Valid
Ho Chi Minh City,PM2.5 - Principal,28DEC18:19:00,2018,12,28,19,20,67,Moderate,24,UG/M3,1 Hr,Invalid
Ho Chi Minh City,PM2.5 - Principal,28DEC18:20:00,2018,12,28,20,27,83,Moderate,31,UG/M3,1 Hr,Valid
Ho Chi Minh City,PM2.5 - Principal,28DEC18:21:00,2018,12,28,21,32,92,Moderate,35,UG/M3,1 Hr,Valid
Ho Chi Minh City,PM2.5 - Principal,28DEC18:22:00,2018,12,28,22,34,97,Moderate,36,UG/M3,1 Hr,Valid
Ho Chi Minh City,PM2.5 - Principal,28DEC18:23:00,2018,12,28,23,28,85,Moderate,23,UG/M3,1 Hr,Valid
Ho Chi Minh City,PM2.5 - Principal,29DEC18:00:00,2018,12,29,0,35,100,Moderate,42,UG/M3,1 Hr,Valid
Ho Chi Minh City,PM2.5 - Principal,29DEC18:01:00,2018,12,29,1,45,125,Unhealthy for Sensitive Groups,55,UG/M3,1 Hr,Valid
Ho Chi Minh City,PM2.5 - Principal,29DEC18:02:00,2018,12,29,2,77,162,Unhealthy,109,UG/M3,1 Hr,Valid
Ho Chi Minh City,PM2.5 - Principal,29DEC18:03:00,2018,12,29,3,88,168,Unhealthy,98,UG/M3,1 Hr,Valid
Ho Chi Minh City,PM2.5 - Principal,29DEC18:04:00,2018,12,29,4,71,159,Unhealthy,55,UG/M3,1 Hr,Valid
Ho Chi Minh City,PM2.5 - Principal,29DEC18:05:00,2018,12,29,5,61,154,Unhealthy,51,UG/M3,1 Hr,Valid
Ho Chi Minh City,PM2.5 - Principal,29DEC18:06:00,2018,12,29,6,53,143,Unhealthy for Sensitive Groups,44,UG/M3,1 Hr,Valid
Ho Chi Minh City,PM2.5 - Principal,29DEC18:07:00,2018,12,29,7,50,137,Unhealthy for Sensitive Groups,48,UG/M3,1 Hr,Valid
Ho Chi Minh City,PM2.5 - Principal,29DEC18:08:00,2018,12,29,8,44,121,Unhealthy for Sensitive Groups,37,UG/M3,1 Hr,Valid
Ho Chi Minh City,PM2.5 - Principal,29DEC18:09:00,2018,12,29,9,38,107,Unhealthy for Sensitive Groups,32,UG/M3,1 Hr,Valid
Ho Chi Minh City,PM2.5 - Principal,29DEC18:10:00,2018,12,29,10,27,83,Moderate,17,UG/M3,1 Hr,Valid
Ho Chi Minh City,PM2.5 - Principal,29DEC18:11:00,2018,12,29,11,24,76,Moderate,21,UG/M3,1 Hr,Valid
Ho Chi Minh City,PM2.5 - Principal,29DEC18:12:00,2018,12,29,12,24,75,Moderate,23,UG/M3,1 Hr,Valid
Ho Chi Minh City,PM2.5 - Principal,29DEC18:13:00,2018,12,29,13,17,62,Moderate,11,UG/M3,1 Hr,Valid
Ho Chi Minh City,PM2.5 - Principal,29DEC18:14:00,2018,12,29,14,16,58,Moderate,14,UG/M3,1 Hr,Valid
Ho Chi Minh City,PM2.5 - Principal,29DEC18:15:00,2018,12,29,15,16,59,Moderate,16,UG/M3,1 Hr,Valid
Ho Chi Minh City,PM2.5 - Principal,29DEC18:16:00,2018,12,29,16,19,65,Moderate,22,UG/M3,1 Hr,Valid
Ho Chi Minh City,PM2.5 - Principal,29DEC18:17:00,2018,12,29,17,33,95,Moderate,47,UG/M3,1 Hr,Valid
Ho Chi Minh City,PM2.5 - Principal,29DEC18:18:00,2018,12,29,18,30,88,Moderate,27,UG/M3,1 Hr,Valid
Ho Chi Minh City,PM2.5 - Principal,29DEC18:19:00,2018,12,29,19,28,84,Moderate,26,UG/M3,1 Hr,Valid
Ho Chi Minh City,PM2.5 - Principal,29DEC18:20:00,2018,12,29,20,29,86,Moderate,30,UG/M3,1 Hr,Valid
Ho Chi Minh City,PM2.5 - Principal,29DEC18:21:00,2018,12,29,21,31,92,Moderate,34,UG/M3,1 Hr,Valid
Ho Chi Minh City,PM2.5 - Principal,29DEC18:22:00,2018,12,29,22,28,84,Moderate,24,UG/M3,1 Hr,Valid
Ho Chi Minh City,PM2.5 - Principal,29DEC18:23:00,2018,12,29,23,25,78,Moderate,22,UG/M3,1 Hr,Valid
Ho Chi Minh City,PM2.5 - Principal,30DEC18:00:00,2018,12,30,0,27,82,Moderate,29,UG/M3,1 Hr,Valid
Ho Chi Minh City,PM2.5 - Principal,30DEC18:01:00,2018,12,30,1,23,75,Moderate,20,UG/M3,1 Hr,Valid
Ho Chi Minh City,PM2.5 - Principal,30DEC18:02:00,2018,12,30,2,28,85,Moderate,33,UG/M3,1 Hr,Valid
Ho Chi Minh City,PM2.5 - Principal,30DEC18:03:00,2018,12,30,3,37,104,Unhealthy for Sensitive Groups,45,UG/M3,1 Hr,Valid
Ho Chi Minh City,PM2.5 - Principal,30DEC18:04:00,2018,12,30,4,36,102,Unhealthy for Sensitive Groups,35,UG/M3,1 Hr,Valid
Ho Chi Minh City,PM2.5 - Principal,30DEC18:05:00,2018,12,30,5,39,109,Unhealthy for Sensitive Groups,42,UG/M3,1 Hr,Valid
Ho Chi Minh City,PM2.5 - Principal,30DEC18:06:00,2018,12,30,6,42,118,Unhealthy for Sensitive Groups,46,UG/M3,1 Hr,Valid
Ho Chi Minh City,PM2.5 - Principal,30DEC18:07:00,2018,12,30,7,47,129,Unhealthy for Sensitive Groups,51,UG/M3,1 Hr,Valid
Ho Chi Minh City,PM2.5 - Principal,30DEC18:08:00,2018,12,30,8,44,121,Unhealthy for Sensitive Groups,41,UG/M3,1 Hr,Valid
Ho Chi Minh City,PM2.5 - Principal,30DEC18:09:00,2018,12,30,9,38,107,Unhealthy for Sensitive Groups,32,UG/M3,1 Hr,Valid
Ho Chi Minh City,PM2.5 - Principal,30DEC18:10:00,2018,12,30,10,31,92,Moderate,25,UG/M3,1 Hr,Valid
Ho Chi Minh City,PM2.5 - Principal,30DEC18:11:00,2018,12,30,11,25,77,Moderate,18,UG/M3,1 Hr,Valid
Ho Chi Minh City,PM2.5 - Principal,30DEC18:12:00,2018,12,30,12,24,76,Moderate,23,UG/M3,1 Hr,Valid
Ho Chi Minh City,PM2.5 - Principal,30DEC18:13:00,2018,12,30,13,25,79,Moderate,27,UG/M3,1 Hr,Valid
Ho Chi Minh City,PM2.5 - Principal,30DEC18:14:00,2018,12,30,14,27,82,Moderate,28,UG/M3,1 Hr,Valid
Ho Chi Minh City,PM2.5 - Principal,30DEC18:15:00,2018,12,30,15,24,76,Moderate,21,UG/M3,1 Hr,Valid
Ho Chi Minh City,PM2.5 - Principal,30DEC18:16:00,2018,12,30,16,18,63,Moderate,12,UG/M3,1 Hr,Valid
Ho Chi Minh City,PM2.5 - Principal,30DEC18:17:00,2018,12,30,17,14,56,Moderate,11,UG/M3,1 Hr,Valid
Ho Chi Minh City,PM2.5 - Principal,30DEC18:18:00,2018,12,30,18,17,62,Moderate,20,UG/M3,1 Hr,Valid
Ho Chi Minh City,PM2.5 - Principal,30DEC18:19:00,2018,12,30,19,15,56,Moderate,12,UG/M3,1 Hr,Valid
Ho Chi Minh City,PM2.5 - Principal,30DEC18:20:00,2018,12,30,20,12,51,Moderate,10,UG/M3,1 Hr,Valid
Ho Chi Minh City,PM2.5 - Principal,30DEC18:21:00,2018,12,30,21,16,59,Moderate,20,UG/M3,1 Hr,Valid
Ho Chi Minh City,PM2.5 - Principal,30DEC18:22:00,2018,12,30,22,12,50,Good,8,UG/M3,1 Hr,Valid
Ho Chi Minh City,PM2.5 - Principal,30DEC18:23:00,2018,12,30,23,12,48,Good,11,UG/M3,1 Hr,Valid
Ho Chi Minh City,PM2.5 - Principal,31DEC18:00:00,2018,12,31,0,11,47,Good,11,UG/M3,1 Hr,Valid
Ho Chi Minh City,PM2.5 - Principal,31DEC18:01:00,2018,12,31,1,12,48,Good,12,UG/M3,1 Hr,Valid
Ho Chi Minh City,PM2.5 - Principal,31DEC18:02:00,2018,12,31,2,13,52,Moderate,14,UG/M3,1 Hr,Valid
Ho Chi Minh City,PM2.5 - Principal,31DEC18:03:00,2018,12,31,3,13,53,Moderate,13,UG/M3,1 Hr,Valid
Ho Chi Minh City,PM2.5 - Principal,31DEC18:04:00,2018,12,31,4,13,54,Moderate,14,UG/M3,1 Hr,Valid
Ho Chi Minh City,PM2.5 - Principal,31DEC18:05:00,2018,12,31,5,15,56,Moderate,16,UG/M3,1 Hr,Valid
Ho Chi Minh City,PM2.5 - Principal,31DEC18:06:00,2018,12,31,6,15,57,Moderate,15,UG/M3,1 Hr,Valid
Ho Chi Minh City,PM2.5 - Principal,31DEC18:07:00,2018,12,31,7,14,56,Moderate,14,UG/M3,1 Hr,Valid
Ho Chi Minh City,PM2.5 - Principal,31DEC18:08:00,2018,12,31,8,15,56,Moderate,15,UG/M3,1 Hr,Valid
Ho Chi Minh City,PM2.5 - Principal,31DEC18:09:00,2018,12,31,9,13,52,Moderate,11,UG/M3,1 Hr,Valid
Ho Chi Minh City,PM2.5 - Principal,31DEC18:10:00,2018,12,31,10,13,53,Moderate,13,UG/M3,1 Hr,Valid
Ho Chi Minh City,PM2.5 - Principal,31DEC18:11:00,2018,12,31,11,11,47,Good,9,UG/M3,1 Hr,Valid
Ho Chi Minh City,PM2.5 - Principal,31DEC18:12:00,2018,12,31,12,8.9,37,Good,7,UG/M3,1 Hr,Valid
Ho Chi Minh City,PM2.5 - Principal,31DEC18:13:00,2018,12,31,13,11,45,Good,13,UG/M3,1 Hr,Valid
Ho Chi Minh City,PM2.5 - Principal,31DEC18:14:00,2018,12,31,14,9.9,41,Good,9,UG/M3,1 Hr,Valid
Ho Chi Minh City,PM2.5 - Principal,31DEC18:15:00,2018,12,31,15,11,45,Good,12,UG/M3,1 Hr,Valid
Ho Chi Minh City,PM2.5 - Principal,31DEC18:16:00,2018,12,31,16,10,43,Good,10,UG/M3,1 Hr,Valid
Ho Chi Minh City,PM2.5 - Principal,31DEC18:17:00,2018,12,31,17,13,53,Moderate,16,UG/M3,1 Hr,Valid
Ho Chi Minh City,PM2.5 - Principal,31DEC18:18:00,2018,12,31,18,14,54,Moderate,14,UG/M3,1 Hr,Valid
Ho Chi Minh City,PM2.5 - Principal,31DEC18:19:00,2018,12,31,19,12,51,Moderate,11,UG/M3,1 Hr,Valid
Ho Chi Minh City,PM2.5 - Principal,31DEC18:20:00,2018,12,31,20,14,54,Moderate,15,UG/M3,1 Hr,Valid
Ho Chi Minh City,PM2.5 - Principal,31DEC18:21:00,2018,12,31,21,17,62,Moderate,21,UG/M3,1 Hr,Valid
Ho Chi Minh City,PM2.5 - Principal,31DEC18:22:00,2018,12,31,22,17,60,Moderate,16,UG/M3,1 Hr,Valid
Ho Chi Minh City,PM2.5 - Principal,31DEC18:23:00,2018,12,31,23,15,58,Moderate,14,UG/M3,1 Hr,Valid
